,epoch,scramble_distance,separation,accuracy
0,0.0,0.0,0.006859909147024156,0.10383333265781403
1,1.0,0.0,0.2513048869371414,0.8810833096504211
2,2.0,0.0,0.27116300240159036,0.9269999861717224
3,3.0,0.0,0.26867889612913143,0.9416666626930237
4,4.0,0.0,0.28048053264617917,0.9455833435058594
5,5.0,0.0,0.27533383965492253,0.9448333382606506
6,6.0,0.0,0.27276923313736917,0.9494166374206543
7,7.0,0.0,0.275997207313776,0.9509999752044678
8,8.0,0.0,0.28277739614248276,0.953000009059906
9,9.0,0.0,0.27819719776511187,0.9514999985694885
10,10.0,0.0,0.282678282558918,0.9511666297912598
11,11.0,0.0,0.2696941769123078,0.9509999752044678
12,12.0,0.0,0.2753737635910511,0.9519999623298645
13,13.0,0.0,0.276687595397234,0.950166642665863
14,14.0,0.0,0.2682537697255612,0.9519166350364685
15,15.0,0.0,0.28104038849473,0.9515833258628845
16,16.0,0.0,0.2879103019833565,0.9489166736602783
17,17.0,0.0,0.27768996521830563,0.9495833516120911
18,18.0,0.0,0.27683792456984524,0.949833333492279
19,19.0,0.0,0.2830784392356873,0.9473333358764648
20,20.0,0.0,0.2782295669615269,0.9470832943916321
21,21.0,0.0,0.28324595257639884,0.9485833048820496
22,22.0,0.0,0.28740061655640603,0.9485833048820496
23,23.0,0.0,0.28454150572419173,0.9479166269302368
24,24.0,0.0,0.2927056421339512,0.9469999670982361
25,25.0,0.0,0.28534013971686367,0.9493333101272583
26,26.0,0.0,0.294912088662386,0.9495833516120911
27,27.0,0.0,0.290387655645609,0.9475833177566528
28,28.0,0.0,0.29671521186828614,0.9475833177566528
29,29.0,0.0,0.29585289895534517,0.9479166269302368
30,30.0,0.0,0.2879994304478169,0.9478332996368408
31,31.0,0.0,0.30156841278076174,0.9459999799728394
32,32.0,0.0,0.29860415101051335,0.9459999799728394
33,33.0,0.0,0.3015206798911095,0.9469999670982361
34,34.0,0.0,0.3008701884746552,0.9455833435058594
35,35.0,0.0,0.3097364826500416,0.9478332996368408
36,36.0,0.0,0.31463644132018087,0.9468333125114441
37,37.0,0.0,0.3111980378627778,0.9460833072662354
38,38.0,0.0,0.3006306958198547,0.9465833306312561
39,39.0,0.0,0.31813028126955034,0.9467499852180481
40,40.0,0.0,0.3189626601338386,0.9440000057220459
41,41.0,0.0,0.3251504150032998,0.9440000057220459
42,42.0,0.0,0.3264921814203262,0.9471666812896729
43,43.0,0.0,0.32416015625,0.9461666345596313
44,44.0,0.0,0.30939141005277637,0.9454166293144226
45,45.0,0.0,0.3111270226538182,0.9444166421890259
46,46.0,0.0,0.31814143478870394,0.9443333148956299
47,47.0,0.0,0.3155323787033559,0.9430833458900452
48,48.0,0.0,0.32793630138039587,0.9453333020210266
49,49.0,0.0,0.32556223839521414,0.9448333382606506
50,50.0,0.0,0.33024312734603883,0.9453333020210266
51,51.0,0.0,0.33613505229353907,0.9451666474342346
52,52.0,0.0,0.335561825633049,0.9430833458900452
53,53.0,0.0,0.3421721164882183,0.9426666498184204
54,54.0,0.0,0.3370248480141163,0.9458333253860474
55,55.0,0.0,0.345548644810915,0.9442499876022339
56,56.0,0.0,0.3421400082111359,0.9444999694824219
57,57.0,0.0,0.33292168900370595,0.9424166679382324
58,58.0,0.0,0.3386897167563439,0.9434999823570251
59,59.0,0.0,0.34071367874741554,0.9445832967758179
60,60.0,0.0,0.3409321714937687,0.9431666731834412
61,61.0,0.0,0.3457947243750096,0.9430833458900452
62,62.0,0.0,0.34357735767960557,0.9439166784286499
63,63.0,0.0,0.34404589071869845,0.9422500133514404
64,64.0,0.0,0.33783846884965896,0.9433333277702332
65,65.0,0.0,0.3486985899508,0.9425833225250244
66,66.0,0.0,0.3381499019265175,0.9432500004768372
67,67.0,0.0,0.3392780722677708,0.9402499794960022
68,68.0,0.0,0.3597765010595322,0.9427499771118164
69,69.0,0.0,0.3652826434373856,0.9417499899864197
70,70.0,0.0,0.3578467880189419,0.9432500004768372
71,71.0,0.0,0.35980145901441574,0.9392499923706055
72,72.0,0.0,0.3637980262935162,0.9430833458900452
73,73.0,0.0,0.36265176594257353,0.9427499771118164
74,74.0,0.0,0.35455571874976166,0.9422500133514404
75,75.0,0.0,0.3707719245553017,0.9432500004768372
76,76.0,0.0,0.36361749947071076,0.9429166316986084
77,77.0,0.0,0.3532342259585857,0.9430000185966492
78,78.0,0.0,0.3549963071942329,0.9431666731834412
79,79.0,0.0,0.36508612379431726,0.9423333406448364
80,80.0,0.0,0.37845268636941914,0.940833330154419
81,81.0,0.0,0.3800343200564385,0.9411666393280029
82,82.0,0.0,0.37519199833273886,0.9425833225250244
83,83.0,0.0,0.3733001853525638,0.9424999952316284
84,84.0,0.0,0.374243121445179,0.9424999952316284
85,85.0,0.0,0.38037870794534684,0.9430000185966492
86,86.0,0.0,0.3884783302247524,0.9419999718666077
87,87.0,0.0,0.3786159917712212,0.9422500133514404
88,88.0,0.0,0.37614379569888123,0.9430000185966492
89,89.0,0.0,0.38127303957939146,0.9409166574478149
90,90.0,0.0,0.3829562875628472,0.9401666522026062
91,91.0,0.0,0.3789691363275051,0.9415000081062317
92,92.0,0.0,0.39677328631281855,0.9424166679382324
93,93.0,0.0,0.38804478794336317,0.9419166445732117
94,94.0,0.0,0.39076837211847304,0.9411666393280029
95,95.0,0.0,0.3978222888708115,0.9404166340827942
96,96.0,0.0,0.400124791264534,0.9411666393280029
97,97.0,0.0,0.4086645834147931,0.9415000081062317
98,98.0,0.0,0.3959028966724873,0.9394166469573975
99,99.0,0.0,0.39796142414212227,0.9391666650772095
100,0.0,0.2,0.012311264723539352,0.09950000047683716
101,1.0,0.2,0.26725608050823213,0.8848333358764648
102,2.0,0.2,0.2943082062900066,0.922416627407074
103,3.0,0.2,0.2893302202224731,0.9293333292007446
104,4.0,0.2,0.28354389190673834,0.9375
105,5.0,0.2,0.2927071772515774,0.9429166316986084
106,6.0,0.2,0.2897410129010678,0.9430000185966492
107,7.0,0.2,0.28693666353821756,0.9463333487510681
108,8.0,0.2,0.29707526668906215,0.9495833516120911
109,9.0,0.2,0.3007581643760205,0.9469999670982361
110,10.0,0.2,0.2853020972013474,0.9488333463668823
111,11.0,0.2,0.3111764197051525,0.9474166631698608
112,12.0,0.2,0.30648778155446055,0.9491666555404663
113,13.0,0.2,0.3084451496601105,0.9458333253860474
114,14.0,0.2,0.3097960011661053,0.9520833492279053
115,15.0,0.2,0.3129113426804543,0.9489166736602783
116,16.0,0.2,0.30202612906694415,0.9505833387374878
117,17.0,0.2,0.31633014857769015,0.9496666789054871
118,18.0,0.2,0.3111246728897095,0.950083315372467
119,19.0,0.2,0.31922175973653794,0.9496666789054871
120,20.0,0.2,0.32260199010372165,0.9512500166893005
121,21.0,0.2,0.3152573648095131,0.9507499933242798
122,22.0,0.2,0.33037388116121297,0.9494999647140503
123,23.0,0.2,0.32655198603868485,0.9478332996368408
124,24.0,0.2,0.32301253512501715,0.9492499828338623
125,25.0,0.2,0.3308510045707226,0.9490000009536743
126,26.0,0.2,0.32255653977394105,0.9459999799728394
127,27.0,0.2,0.32379152208566675,0.9491666555404663
128,28.0,0.2,0.3335695700347424,0.9497500061988831
129,29.0,0.2,0.3474815768003464,0.9494999647140503
130,30.0,0.2,0.3440280368924141,0.9470832943916321
131,31.0,0.2,0.33356441333889963,0.9460833072662354
132,32.0,0.2,0.34234066411852837,0.9490000009536743
133,33.0,0.2,0.34217440173029906,0.9467499852180481
134,34.0,0.2,0.3399606853723526,0.9471666812896729
135,35.0,0.2,0.33085564970970155,0.9474999904632568
136,36.0,0.2,0.34552540510892876,0.9457499980926514
137,37.0,0.2,0.3611878255009652,0.9455833435058594
138,38.0,0.2,0.3598714418709279,0.9467499852180481
139,39.0,0.2,0.3655582855641842,0.9455833435058594
140,40.0,0.2,0.3481096915900707,0.9468333125114441
141,41.0,0.2,0.35215756461024283,0.9455000162124634
142,42.0,0.2,0.3473213656246662,0.9454166293144226
143,43.0,0.2,0.3528304237127305,0.9465833306312561
144,44.0,0.2,0.36210301324725147,0.9469999670982361
145,45.0,0.2,0.3610585083067418,0.9470832943916321
146,46.0,0.2,0.36401786103844647,0.9429166316986084
147,47.0,0.2,0.36343358621001237,0.9441666603088379
148,48.0,0.2,0.3739588601887226,0.9443333148956299
149,49.0,0.2,0.3682537542283535,0.9457499980926514
150,50.0,0.2,0.37131173461675643,0.9448333382606506
151,51.0,0.2,0.3750800761580467,0.9450833201408386
152,52.0,0.2,0.37114934608340266,0.9449999928474426
153,53.0,0.2,0.3662222544848919,0.9425833225250244
154,54.0,0.2,0.37680256560444836,0.9453333020210266
155,55.0,0.2,0.38491416901350023,0.9439166784286499
156,56.0,0.2,0.3733361038565636,0.9445832967758179
157,57.0,0.2,0.38758258998394013,0.9447500109672546
158,58.0,0.2,0.3838648355007172,0.9432500004768372
159,59.0,0.2,0.3943622070550919,0.940750002861023
160,60.0,0.2,0.3833383955061437,0.9444166421890259
161,61.0,0.2,0.389299721121788,0.9426666498184204
162,62.0,0.2,0.3844870179891586,0.9436666369438171
163,63.0,0.2,0.3906745675206186,0.9437499642372131
164,64.0,0.2,0.38447423443198203,0.9431666731834412
165,65.0,0.2,0.4083145514130592,0.9428333044052124
166,66.0,0.2,0.3787127457559109,0.9442499876022339
167,67.0,0.2,0.40561943382024773,0.9432500004768372
168,68.0,0.2,0.40236903354525566,0.9429166316986084
169,69.0,0.2,0.3939865036308766,0.9432500004768372
170,70.0,0.2,0.400085493028164,0.9431666731834412
171,71.0,0.2,0.3948938359320163,0.9435833096504211
172,72.0,0.2,0.4030338354408742,0.9430000185966492
173,73.0,0.2,0.40374549210071564,0.940666675567627
174,74.0,0.2,0.4042298105359078,0.9419166445732117
175,75.0,0.2,0.41771909266710294,0.9419166445732117
176,76.0,0.2,0.4155779975652695,0.9412499666213989
177,77.0,0.2,0.4119819319248199,0.9416666626930237
178,78.0,0.2,0.4113743503391743,0.9415833353996277
179,79.0,0.2,0.39941556423902524,0.940833330154419
180,80.0,0.2,0.41518126174807557,0.9416666626930237
181,81.0,0.2,0.41034071713685993,0.940750002861023
182,82.0,0.2,0.4043994005024434,0.9420832991600037
183,83.0,0.2,0.4148402194678784,0.940666675567627
184,84.0,0.2,0.41918646544218063,0.9424166679382324
185,85.0,0.2,0.41774763211607924,0.9429166316986084
186,86.0,0.2,0.42172038346529,0.9395833015441895
187,87.0,0.2,0.4352827101945877,0.9424999952316284
188,88.0,0.2,0.42144621104002,0.9413332939147949
189,89.0,0.2,0.4105886164307594,0.940583348274231
190,90.0,0.2,0.4181412991881371,0.940750002861023
191,91.0,0.2,0.41200784817338,0.9422500133514404
192,92.0,0.2,0.41993828192353255,0.9425833225250244
193,93.0,0.2,0.4319789965450764,0.9418333172798157
194,94.0,0.2,0.42334477975964546,0.9412499666213989
195,95.0,0.2,0.4313421592116356,0.9390833377838135
196,96.0,0.2,0.44920888394117353,0.9434166550636292
197,97.0,0.2,0.4396996916830541,0.9416666626930237
198,98.0,0.2,0.4361701591312885,0.9432500004768372
199,99.0,0.2,0.44597662851214404,0.940750002861023
200,0.0,0.4,0.06081800788640975,0.09866666793823242
201,1.0,0.4,0.2495940320193768,0.8824166655540466
202,2.0,0.4,0.2713307420909405,0.9182499647140503
203,3.0,0.4,0.282559837847948,0.9294166564941406
204,4.0,0.4,0.28670153692364697,0.9382500052452087
205,5.0,0.4,0.29726245328783996,0.9393333196640015
206,6.0,0.4,0.2970819348096848,0.9421666860580444
207,7.0,0.4,0.3014983727037907,0.9452499747276306
208,8.0,0.4,0.30917795389890673,0.9440000057220459
209,9.0,0.4,0.3119665795564651,0.9448333382606506
210,10.0,0.4,0.3169634498655796,0.9459166526794434
211,11.0,0.4,0.31610232830047613,0.9443333148956299
212,12.0,0.4,0.310589783936739,0.9474166631698608
213,13.0,0.4,0.31743788748979573,0.9479166269302368
214,14.0,0.4,0.3214181031286717,0.9487500190734863
215,15.0,0.4,0.3311669717729092,0.9456666707992554
216,16.0,0.4,0.32682521641254425,0.9469999670982361
217,17.0,0.4,0.33239252462983127,0.9481666684150696
218,18.0,0.4,0.33359140172600743,0.9465833306312561
219,19.0,0.4,0.33564605697989464,0.9483333230018616
220,20.0,0.4,0.3260556480288506,0.9477499723434448
221,21.0,0.4,0.3436688539385796,0.9493333101272583
222,22.0,0.4,0.33973017647862436,0.9469999670982361
223,23.0,0.4,0.34580077737569814,0.9484166502952576
224,24.0,0.4,0.34520253911614424,0.9492499828338623
225,25.0,0.4,0.3427206192910671,0.9495833516120911
226,26.0,0.4,0.3466513428092003,0.9487500190734863
227,27.0,0.4,0.3453202418982983,0.9478332996368408
228,28.0,0.4,0.3570120543241501,0.9488333463668823
229,29.0,0.4,0.3491589613258839,0.9477499723434448
230,30.0,0.4,0.3578604596853256,0.9482499957084656
231,31.0,0.4,0.3553402945399285,0.9491666555404663
232,32.0,0.4,0.3521235510706902,0.9506666660308838
233,33.0,0.4,0.3618575321137905,0.9473333358764648
234,34.0,0.4,0.3631286871433258,0.9473333358764648
235,35.0,0.4,0.3549285961687565,0.9476666450500488
236,36.0,0.4,0.3739096432924271,0.9508333206176758
237,37.0,0.4,0.3693763701617718,0.9466666579246521
238,38.0,0.4,0.38311501532793046,0.9473333358764648
239,39.0,0.4,0.37164922520518306,0.9459999799728394
240,40.0,0.4,0.37149686858057984,0.9481666684150696
241,41.0,0.4,0.3740720702707767,0.9484166502952576
242,42.0,0.4,0.37656008750200276,0.9437499642372131
243,43.0,0.4,0.37789487138390543,0.9478332996368408
244,44.0,0.4,0.3835036489367485,0.9450833201408386
245,45.0,0.4,0.39458814963698396,0.9455833435058594
246,46.0,0.4,0.3831997275352478,0.9474166631698608
247,47.0,0.4,0.39588012382388116,0.9467499852180481
248,48.0,0.4,0.38646036863327027,0.9475833177566528
249,49.0,0.4,0.39269786298274995,0.9474166631698608
250,50.0,0.4,0.388550571501255,0.9447500109672546
251,51.0,0.4,0.3968802252411842,0.9464166760444641
252,52.0,0.4,0.39325414806604386,0.9469166398048401
253,53.0,0.4,0.39217214122414595,0.9455000162124634
254,54.0,0.4,0.3970499727129937,0.9444166421890259
255,55.0,0.4,0.3948164983093739,0.9455833435058594
256,56.0,0.4,0.39549171373248104,0.9452499747276306
257,57.0,0.4,0.40419518813490873,0.9453333020210266
258,58.0,0.4,0.4037496314942836,0.9447500109672546
259,59.0,0.4,0.4051413065195084,0.9444999694824219
260,60.0,0.4,0.4100383879244328,0.9437499642372131
261,61.0,0.4,0.40881376132369046,0.9480000138282776
262,62.0,0.4,0.40528510913252835,0.9449166655540466
263,63.0,0.4,0.4116978627443314,0.9416666626930237
264,64.0,0.4,0.420001669973135,0.9432500004768372
265,65.0,0.4,0.4270989049971104,0.9436666369438171
266,66.0,0.4,0.40791600316762927,0.9441666603088379
267,67.0,0.4,0.416043092161417,0.9421666860580444
268,68.0,0.4,0.41950747475028044,0.9468333125114441
269,69.0,0.4,0.4214736679196358,0.9443333148956299
270,70.0,0.4,0.4287760452926159,0.9439166784286499
271,71.0,0.4,0.4159245729446412,0.9436666369438171
272,72.0,0.4,0.4251997470855713,0.9456666707992554
273,73.0,0.4,0.4205837610363961,0.9439166784286499
274,74.0,0.4,0.43022066697478295,0.9434166550636292
275,75.0,0.4,0.42880960747599606,0.9419999718666077
276,76.0,0.4,0.43108325168490413,0.9421666860580444
277,77.0,0.4,0.440941721200943,0.9418333172798157
278,78.0,0.4,0.44035528734326357,0.9417499899864197
279,79.0,0.4,0.42638753950595853,0.9424999952316284
280,80.0,0.4,0.43371128320693975,0.9410833120346069
281,81.0,0.4,0.4368923243880272,0.9421666860580444
282,82.0,0.4,0.4398793348670006,0.9421666860580444
283,83.0,0.4,0.44093373447656636,0.9431666731834412
284,84.0,0.4,0.4384484535455703,0.9431666731834412
285,85.0,0.4,0.4433278657495975,0.9418333172798157
286,86.0,0.4,0.44296010002493863,0.9430000185966492
287,87.0,0.4,0.4454119324684142,0.9399999976158142
288,88.0,0.4,0.4525148026645184,0.9435833096504211
289,89.0,0.4,0.45703473031520836,0.9422500133514404
290,90.0,0.4,0.44925151839852323,0.9404999613761902
291,91.0,0.4,0.44995989799499514,0.9445832967758179
292,92.0,0.4,0.4526504589617253,0.9427499771118164
293,93.0,0.4,0.4598050987720489,0.9422500133514404
294,94.0,0.4,0.46687322586774826,0.940750002861023
295,95.0,0.4,0.4655841559171677,0.9420832991600037
296,96.0,0.4,0.46354205906391144,0.940666675567627
297,97.0,0.4,0.4631812439858913,0.9401666522026062
298,98.0,0.4,0.4673332679271698,0.9424999952316284
299,99.0,0.4,0.4620839123427869,0.9399166703224182
300,0.0,0.6000000000000001,0.16124969586730004,0.1003333330154419
301,1.0,0.6000000000000001,0.25029015719890596,0.8870833516120911
302,2.0,0.6000000000000001,0.27353564828634264,0.922166645526886
303,3.0,0.6000000000000001,0.27203303873538975,0.9337499737739563
304,4.0,0.6000000000000001,0.2798612689971923,0.937416672706604
305,5.0,0.6000000000000001,0.278448212146759,0.9394999742507935
306,6.0,0.6000000000000001,0.2982547646760941,0.9434166550636292
307,7.0,0.6000000000000001,0.2998143091797829,0.9455833435058594
308,8.0,0.6000000000000001,0.3040276834368706,0.9453333020210266
309,9.0,0.6000000000000001,0.31232053831219675,0.9464166760444641
310,10.0,0.6000000000000001,0.30192512214183814,0.9489166736602783
311,11.0,0.6000000000000001,0.30339062169194225,0.9484166502952576
312,12.0,0.6000000000000001,0.29626280173659325,0.9494166374206543
313,13.0,0.6000000000000001,0.3050562658905983,0.9509166479110718
314,14.0,0.6000000000000001,0.3175940264761448,0.9476666450500488
315,15.0,0.6000000000000001,0.3198676159977913,0.9497500061988831
316,16.0,0.6000000000000001,0.3236424890160561,0.950083315372467
317,17.0,0.6000000000000001,0.3251314766705036,0.9490000009536743
318,18.0,0.6000000000000001,0.3307886034250259,0.9494166374206543
319,19.0,0.6000000000000001,0.3122393131256104,0.950333297252655
320,20.0,0.6000000000000001,0.31981763496994975,0.9484999775886536
321,21.0,0.6000000000000001,0.3201783260703087,0.9485833048820496
322,22.0,0.6000000000000001,0.31990787759423267,0.9494166374206543
323,23.0,0.6000000000000001,0.3312046422064304,0.9490833282470703
324,24.0,0.6000000000000001,0.3448800303041935,0.9509166479110718
325,25.0,0.6000000000000001,0.333815159201622,0.9487500190734863
326,26.0,0.6000000000000001,0.3363696892559528,0.9484999775886536
327,27.0,0.6000000000000001,0.34962560504674917,0.9511666297912598
328,28.0,0.6000000000000001,0.3357149124145508,0.9511666297912598
329,29.0,0.6000000000000001,0.3535889975726605,0.9525833129882812
330,30.0,0.6000000000000001,0.3383259934186935,0.9506666660308838
331,31.0,0.6000000000000001,0.3427572041749955,0.9494166374206543
332,32.0,0.6000000000000001,0.3503365181386471,0.9497500061988831
333,33.0,0.6000000000000001,0.36025945723056796,0.9473333358764648
334,34.0,0.6000000000000001,0.35071807175874714,0.9473333358764648
335,35.0,0.6000000000000001,0.3585987834632397,0.949833333492279
336,36.0,0.6000000000000001,0.3594383561611176,0.9490833282470703
337,37.0,0.6000000000000001,0.37455516517162324,0.9513333439826965
338,38.0,0.6000000000000001,0.3581448337435723,0.9496666789054871
339,39.0,0.6000000000000001,0.3639325258135796,0.9492499828338623
340,40.0,0.6000000000000001,0.36899865835905077,0.9493333101272583
341,41.0,0.6000000000000001,0.37752828761935237,0.9484999775886536
342,42.0,0.6000000000000001,0.375220137089491,0.9493333101272583
343,43.0,0.6000000000000001,0.3796078814566136,0.9472500085830688
344,44.0,0.6000000000000001,0.3841219657659531,0.9476666450500488
345,45.0,0.6000000000000001,0.38345237597823145,0.9490000009536743
346,46.0,0.6000000000000001,0.3817745473980904,0.9489166736602783
347,47.0,0.6000000000000001,0.3779237145185471,0.9470832943916321
348,48.0,0.6000000000000001,0.39512763381004334,0.9485833048820496
349,49.0,0.6000000000000001,0.38894181832671165,0.9476666450500488
350,50.0,0.6000000000000001,0.39123816758394236,0.9476666450500488
351,51.0,0.6000000000000001,0.4000386284291745,0.9475833177566528
352,52.0,0.6000000000000001,0.3912133413553239,0.9456666707992554
353,53.0,0.6000000000000001,0.39755655214190483,0.9452499747276306
354,54.0,0.6000000000000001,0.396818190664053,0.9469999670982361
355,55.0,0.6000000000000001,0.40297877803444876,0.9480833411216736
356,56.0,0.6000000000000001,0.39941750720143315,0.9474999904632568
357,57.0,0.6000000000000001,0.40402040272951123,0.9469166398048401
358,58.0,0.6000000000000001,0.401753812134266,0.9467499852180481
359,59.0,0.6000000000000001,0.4017207942903043,0.9482499957084656
360,60.0,0.6000000000000001,0.3904019027948379,0.9444166421890259
361,61.0,0.6000000000000001,0.40397528588771825,0.9449166655540466
362,62.0,0.6000000000000001,0.4062121480703354,0.9462499618530273
363,63.0,0.6000000000000001,0.3993910466134548,0.9466666579246521
364,64.0,0.6000000000000001,0.422031309902668,0.9453333020210266
365,65.0,0.6000000000000001,0.40674992591142656,0.9448333382606506
366,66.0,0.6000000000000001,0.4224819041788578,0.9434166550636292
367,67.0,0.6000000000000001,0.4238014207780362,0.9452499747276306
368,68.0,0.6000000000000001,0.4375853009521962,0.9453333020210266
369,69.0,0.6000000000000001,0.43571657806634906,0.9455833435058594
370,70.0,0.6000000000000001,0.4159544149041176,0.9452499747276306
371,71.0,0.6000000000000001,0.4267048847675324,0.9440000057220459
372,72.0,0.6000000000000001,0.42725567519664776,0.9456666707992554
373,73.0,0.6000000000000001,0.4344038820266724,0.9438333511352539
374,74.0,0.6000000000000001,0.4430918435752392,0.9466666579246521
375,75.0,0.6000000000000001,0.4456627409160137,0.9450833201408386
376,76.0,0.6000000000000001,0.443417362421751,0.9472500085830688
377,77.0,0.6000000000000001,0.4369567129015923,0.9463333487510681
378,78.0,0.6000000000000001,0.44455935895442966,0.9459166526794434
379,79.0,0.6000000000000001,0.44758453339338294,0.9453333020210266
380,80.0,0.6000000000000001,0.4469214470684529,0.9437499642372131
381,81.0,0.6000000000000001,0.4380445784330368,0.9452499747276306
382,82.0,0.6000000000000001,0.4413479897379875,0.9441666603088379
383,83.0,0.6000000000000001,0.4402215142548084,0.9433333277702332
384,84.0,0.6000000000000001,0.44704738482832906,0.9448333382606506
385,85.0,0.6000000000000001,0.44967497229576114,0.9438333511352539
386,86.0,0.6000000000000001,0.4613871958851815,0.9436666369438171
387,87.0,0.6000000000000001,0.45887953922152525,0.9451666474342346
388,88.0,0.6000000000000001,0.46648028358817095,0.9449166655540466
389,89.0,0.6000000000000001,0.4645906947553158,0.9425833225250244
390,90.0,0.6000000000000001,0.4616048684716225,0.9421666860580444
391,91.0,0.6000000000000001,0.466636108160019,0.9431666731834412
392,92.0,0.6000000000000001,0.46807958289980894,0.9413332939147949
393,93.0,0.6000000000000001,0.4767861653864385,0.9425833225250244
394,94.0,0.6000000000000001,0.45589382991194727,0.9438333511352539
395,95.0,0.6000000000000001,0.4588730433583259,0.9434999823570251
396,96.0,0.6000000000000001,0.4707885630428791,0.9434999823570251
397,97.0,0.6000000000000001,0.4588852739334107,0.9415000081062317
398,98.0,0.6000000000000001,0.48018729642033586,0.9436666369438171
399,99.0,0.6000000000000001,0.4662236347794533,0.9433333277702332
400,0.0,0.8,0.2562934942543507,0.09541666507720947
401,1.0,0.8,0.2791332671046257,0.8999999761581421
402,2.0,0.8,0.32177128896117213,0.9240833520889282
403,3.0,0.8,0.3339449763298035,0.934416651725769
404,4.0,0.8,0.3274238879978657,0.9396666288375854
405,5.0,0.8,0.347955830693245,0.9460833072662354
406,6.0,0.8,0.35168393567204476,0.9488333463668823
407,7.0,0.8,0.3587072643637657,0.9472500085830688
408,8.0,0.8,0.35010831847786905,0.9479166269302368
409,9.0,0.8,0.3659284111857415,0.9508333206176758
410,10.0,0.8,0.3626296710968018,0.9519166350364685
411,11.0,0.8,0.36787051275372507,0.953583300113678
412,12.0,0.8,0.38101218238472945,0.9518333077430725
413,13.0,0.8,0.37642912045121196,0.9522500038146973
414,14.0,0.8,0.3895677098631859,0.9537500143051147
415,15.0,0.8,0.3946320788562298,0.9521666765213013
416,16.0,0.8,0.39150224968791003,0.9524999856948853
417,17.0,0.8,0.3901629795134068,0.9548333287239075
418,18.0,0.8,0.3955488334596158,0.9518333077430725
419,19.0,0.8,0.3923431301116943,0.9509166479110718
420,20.0,0.8,0.38570963576436046,0.9511666297912598
421,21.0,0.8,0.41547442033886905,0.95333331823349
422,22.0,0.8,0.396594661474228,0.9539166688919067
423,23.0,0.8,0.3979951450228691,0.953499972820282
424,24.0,0.8,0.4065109775960446,0.9519166350364685
425,25.0,0.8,0.41267555013298984,0.953000009059906
426,26.0,0.8,0.408025044798851,0.9509166479110718
427,27.0,0.8,0.4300435374677182,0.9490833282470703
428,28.0,0.8,0.4380746060609818,0.9519166350364685
429,29.0,0.8,0.43001355111598966,0.9520833492279053
430,30.0,0.8,0.4146103724837304,0.953083336353302
431,31.0,0.8,0.42368167519569394,0.9506666660308838
432,32.0,0.8,0.43261114642024046,0.9494166374206543
433,33.0,0.8,0.4312282371520997,0.953583300113678
434,34.0,0.8,0.4453781917691231,0.950083315372467
435,35.0,0.8,0.44449930518865594,0.9519166350364685
436,36.0,0.8,0.43831713572144515,0.9519999623298645
437,37.0,0.8,0.45174851313233366,0.9507499933242798
438,38.0,0.8,0.44768016681075096,0.9487500190734863
439,39.0,0.8,0.439442300349474,0.9508333206176758
440,40.0,0.8,0.45029191419482234,0.9521666765213013
441,41.0,0.8,0.4532411289215087,0.9514999985694885
442,42.0,0.8,0.47084725260734556,0.9506666660308838
443,43.0,0.8,0.45925721421837806,0.950083315372467
444,44.0,0.8,0.4696581545472146,0.950166642665863
445,45.0,0.8,0.460728202611208,0.9495833516120911
446,46.0,0.8,0.45917241528630254,0.9509166479110718
447,47.0,0.8,0.470247442871332,0.9494999647140503
448,48.0,0.8,0.4770117655396461,0.9494166374206543
449,49.0,0.8,0.4871284557878971,0.9483333230018616
450,50.0,0.8,0.4863506902754307,0.9494999647140503
451,51.0,0.8,0.47953021764755244,0.949833333492279
452,52.0,0.8,0.5030992048978805,0.9476666450500488
453,53.0,0.8,0.4812701031565666,0.9486666321754456
454,54.0,0.8,0.4801399245858192,0.9487500190734863
455,55.0,0.8,0.4768298104405404,0.949916660785675
456,56.0,0.8,0.49583493262529366,0.9470832943916321
457,57.0,0.8,0.4855487813055516,0.9491666555404663
458,58.0,0.8,0.49001801833510406,0.950083315372467
459,59.0,0.8,0.4929947812855244,0.9461666345596313
460,60.0,0.8,0.48701637685298926,0.949833333492279
461,61.0,0.8,0.49128864511847503,0.9484166502952576
462,62.0,0.8,0.4934640103578568,0.9488333463668823
463,63.0,0.8,0.48160645827651016,0.9483333230018616
464,64.0,0.8,0.498090902119875,0.9490833282470703
465,65.0,0.8,0.5106743560731412,0.9475833177566528
466,66.0,0.8,0.5003079487383365,0.9475833177566528
467,67.0,0.8,0.5059916391968727,0.9455000162124634
468,68.0,0.8,0.5075165039300918,0.9460833072662354
469,69.0,0.8,0.5037597341835499,0.9478332996368408
470,70.0,0.8,0.5109535399079324,0.9485833048820496
471,71.0,0.8,0.5163513614237308,0.9480833411216736
472,72.0,0.8,0.5202535161376,0.9447500109672546
473,73.0,0.8,0.5141311661899091,0.9457499980926514
474,74.0,0.8,0.5270020286738873,0.9449999928474426
475,75.0,0.8,0.5310242167115212,0.9444166421890259
476,76.0,0.8,0.531428017616272,0.9464166760444641
477,77.0,0.8,0.535798297971487,0.9471666812896729
478,78.0,0.8,0.5297005504369736,0.9458333253860474
479,79.0,0.8,0.5269218140840531,0.9460833072662354
480,80.0,0.8,0.525846715271473,0.9450833201408386
481,81.0,0.8,0.5277771535515785,0.9464166760444641
482,82.0,0.8,0.5398514784872532,0.9464166760444641
483,83.0,0.8,0.5428903190791606,0.9471666812896729
484,84.0,0.8,0.5292826163768769,0.9469999670982361
485,85.0,0.8,0.5517303276062011,0.9464166760444641
486,86.0,0.8,0.5530553278326988,0.9456666707992554
487,87.0,0.8,0.5420160546898842,0.9444999694824219
488,88.0,0.8,0.5458891199529171,0.9457499980926514
489,89.0,0.8,0.5459335803985595,0.9440833330154419
490,90.0,0.8,0.5417124806344509,0.9455833435058594
491,91.0,0.8,0.5476914592087269,0.9456666707992554
492,92.0,0.8,0.5470113323628902,0.9433333277702332
493,93.0,0.8,0.5494193542003631,0.9458333253860474
494,94.0,0.8,0.5552319619059565,0.9435833096504211
495,95.0,0.8,0.5493515524268152,0.9448333382606506
496,96.0,0.8,0.5589783522486688,0.9475833177566528
497,97.0,0.8,0.5657186034321785,0.9454166293144226
498,98.0,0.8,0.561882347613573,0.9431666731834412
499,99.0,0.8,0.5609368680417539,0.9452499747276306
500,0.0,1.0,0.32412141710519793,0.09866666793823242
501,1.0,1.0,0.2772669601440429,0.9008333086967468
502,2.0,1.0,0.29347863912582406,0.921999990940094
503,3.0,1.0,0.3078742270171642,0.9319999814033508
504,4.0,1.0,0.30997961655259143,0.9381666779518127
505,5.0,1.0,0.32507806956768037,0.9429166316986084
506,6.0,1.0,0.3424399448931218,0.9416666626930237
507,7.0,1.0,0.3473853042721748,0.9452499747276306
508,8.0,1.0,0.3532925355434418,0.9459166526794434
509,9.0,1.0,0.3578198868036271,0.9466666579246521
510,10.0,1.0,0.34517383098602294,0.9473333358764648
511,11.0,1.0,0.3753577022254468,0.9480000138282776
512,12.0,1.0,0.3808121460676194,0.9482499957084656
513,13.0,1.0,0.3698911710083485,0.9493333101272583
514,14.0,1.0,0.3865027537941933,0.9492499828338623
515,15.0,1.0,0.37780713140964506,0.9507499933242798
516,16.0,1.0,0.3799911825358868,0.9509999752044678
517,17.0,1.0,0.3826169621944428,0.9488333463668823
518,18.0,1.0,0.3898730179667474,0.9515833258628845
519,19.0,1.0,0.4113142731785774,0.9505000114440918
520,20.0,1.0,0.39301936835050594,0.9505000114440918
521,21.0,1.0,0.39863599523901944,0.950083315372467
522,22.0,1.0,0.40865219891071325,0.950249969959259
523,23.0,1.0,0.4194148570299149,0.950249969959259
524,24.0,1.0,0.4157740746438504,0.950166642665863
525,25.0,1.0,0.42134351059794434,0.9505833387374878
526,26.0,1.0,0.4264666794240474,0.9515833258628845
527,27.0,1.0,0.4343064151704311,0.9512500166893005
528,28.0,1.0,0.43449007928371436,0.9520833492279053
529,29.0,1.0,0.42628154441714294,0.949999988079071
530,30.0,1.0,0.43787803679704673,0.9514166712760925
531,31.0,1.0,0.4397327382862568,0.9523333311080933
532,32.0,1.0,0.4377932059764863,0.9523333311080933
533,33.0,1.0,0.4512218119204044,0.9516666531562805
534,34.0,1.0,0.436726129502058,0.9508333206176758
535,35.0,1.0,0.44065893590450295,0.9518333077430725
536,36.0,1.0,0.4466060002148152,0.9514999985694885
537,37.0,1.0,0.4666429762542248,0.9516666531562805
538,38.0,1.0,0.4513681028783322,0.950333297252655
539,39.0,1.0,0.45606347113847734,0.9512500166893005
540,40.0,1.0,0.4670231765508651,0.9509166479110718
541,41.0,1.0,0.4651733081042767,0.9496666789054871
542,42.0,1.0,0.4672401045262814,0.950083315372467
543,43.0,1.0,0.46859032154083247,0.9490833282470703
544,44.0,1.0,0.4725586687028408,0.950083315372467
545,45.0,1.0,0.47322603315114986,0.9506666660308838
546,46.0,1.0,0.48787727564573286,0.950249969959259
547,47.0,1.0,0.46842328220605856,0.9506666660308838
548,48.0,1.0,0.4771366748213769,0.9479166269302368
549,49.0,1.0,0.4884870785474778,0.9493333101272583
550,50.0,1.0,0.4800628085434437,0.9490833282470703
551,51.0,1.0,0.48489028975367543,0.9505833387374878
552,52.0,1.0,0.4889496994018555,0.9490000009536743
553,53.0,1.0,0.4940715944766998,0.9483333230018616
554,54.0,1.0,0.49427165225148206,0.9495833516120911
555,55.0,1.0,0.49787002041935924,0.9484166502952576
556,56.0,1.0,0.4811517751216889,0.9477499723434448
557,57.0,1.0,0.5072184599936008,0.9490833282470703
558,58.0,1.0,0.5041784550249577,0.9487500190734863
559,59.0,1.0,0.5078705713152886,0.9480833411216736
560,60.0,1.0,0.5113195699453355,0.9483333230018616
561,61.0,1.0,0.4995154376327992,0.9481666684150696
562,62.0,1.0,0.5046708282828332,0.9464166760444641
563,63.0,1.0,0.5188739083707332,0.949999988079071
564,64.0,1.0,0.5170537516474725,0.9479166269302368
565,65.0,1.0,0.5283407089114189,0.9494166374206543
566,66.0,1.0,0.5152826303243637,0.9484166502952576
567,67.0,1.0,0.5166277767717838,0.9482499957084656
568,68.0,1.0,0.529546187967062,0.9483333230018616
569,69.0,1.0,0.5229297505319119,0.9480833411216736
570,70.0,1.0,0.5343657520413398,0.9486666321754456
571,71.0,1.0,0.5422127664089204,0.9489166736602783
572,72.0,1.0,0.523494453728199,0.9493333101272583
573,73.0,1.0,0.5377036966383458,0.9462499618530273
574,74.0,1.0,0.5279607744514943,0.9462499618530273
575,75.0,1.0,0.5367813685536384,0.9469166398048401
576,76.0,1.0,0.5281070792675019,0.9480833411216736
577,77.0,1.0,0.5342866057157516,0.9464166760444641
578,78.0,1.0,0.54034063488245,0.9465000033378601
579,79.0,1.0,0.5313261818885804,0.9461666345596313
580,80.0,1.0,0.5382293020188809,0.9480000138282776
581,81.0,1.0,0.5428373141586781,0.9460833072662354
582,82.0,1.0,0.5385679137706757,0.9466666579246521
583,83.0,1.0,0.5664138033986091,0.9466666579246521
584,84.0,1.0,0.5605226147174835,0.9459999799728394
585,85.0,1.0,0.5601007574796676,0.9457499980926514
586,86.0,1.0,0.5452408348023893,0.9464166760444641
587,87.0,1.0,0.5469835810363292,0.9465000033378601
588,88.0,1.0,0.5629541534185409,0.9453333020210266
589,89.0,1.0,0.555979837179184,0.9449999928474426
590,90.0,1.0,0.5670766045153142,0.9467499852180481
591,91.0,1.0,0.5706767310202122,0.9448333382606506
592,92.0,1.0,0.5638031126558781,0.9444999694824219
593,93.0,1.0,0.5643514461815359,0.9469166398048401
594,94.0,1.0,0.5679792280495167,0.9454166293144226
595,95.0,1.0,0.5798881869018079,0.9480000138282776
596,96.0,1.0,0.5868412065505982,0.9455000162124634
597,97.0,1.0,0.5676654450595378,0.9462499618530273
598,98.0,1.0,0.5673257276415826,0.9454166293144226
599,99.0,1.0,0.5791902659833432,0.9459166526794434
600,0.0,1.2000000000000002,0.4178757251799107,0.09950000047683716
601,1.0,1.2000000000000002,0.26706403523683553,0.8926666378974915
602,2.0,1.2000000000000002,0.2880931980907917,0.9198333024978638
603,3.0,1.2000000000000002,0.30233936920762067,0.9289166331291199
604,4.0,1.2000000000000002,0.3088808692991734,0.9328333139419556
605,5.0,1.2000000000000002,0.3314695692062378,0.9363332986831665
606,6.0,1.2000000000000002,0.34019496828317636,0.9384166598320007
607,7.0,1.2000000000000002,0.34212189391255377,0.9390833377838135
608,8.0,1.2000000000000002,0.34901385083794595,0.9397500157356262
609,9.0,1.2000000000000002,0.36551212042570114,0.9421666860580444
610,10.0,1.2000000000000002,0.3553630916774273,0.9448333382606506
611,11.0,1.2000000000000002,0.36708393290638924,0.9419166445732117
612,12.0,1.2000000000000002,0.37126919865608216,0.9460833072662354
613,13.0,1.2000000000000002,0.3753428821265698,0.9461666345596313
614,14.0,1.2000000000000002,0.3850396655499935,0.9469999670982361
615,15.0,1.2000000000000002,0.3924037636816502,0.9477499723434448
616,16.0,1.2000000000000002,0.3906300787627698,0.9465000033378601
617,17.0,1.2000000000000002,0.395149330496788,0.9479166269302368
618,18.0,1.2000000000000002,0.3980119904875755,0.9474166631698608
619,19.0,1.2000000000000002,0.40552381500601775,0.9461666345596313
620,20.0,1.2000000000000002,0.42053804129362116,0.9447500109672546
621,21.0,1.2000000000000002,0.4090637962520122,0.9465000033378601
622,22.0,1.2000000000000002,0.43225291475653654,0.9482499957084656
623,23.0,1.2000000000000002,0.4167675797641278,0.9474166631698608
624,24.0,1.2000000000000002,0.43035578668117525,0.9481666684150696
625,25.0,1.2000000000000002,0.42492352515459053,0.9483333230018616
626,26.0,1.2000000000000002,0.4404416319727898,0.9471666812896729
627,27.0,1.2000000000000002,0.4370589749515057,0.9472500085830688
628,28.0,1.2000000000000002,0.44485010907053957,0.9487500190734863
629,29.0,1.2000000000000002,0.4270781747996808,0.9490833282470703
630,30.0,1.2000000000000002,0.437478828728199,0.9478332996368408
631,31.0,1.2000000000000002,0.4452805349230767,0.9481666684150696
632,32.0,1.2000000000000002,0.44393063709139835,0.9467499852180481
633,33.0,1.2000000000000002,0.4517979265749454,0.9469166398048401
634,34.0,1.2000000000000002,0.45042861476540563,0.9465000033378601
635,35.0,1.2000000000000002,0.44616437301039696,0.9469166398048401
636,36.0,1.2000000000000002,0.4585220192372799,0.9455833435058594
637,37.0,1.2000000000000002,0.46134732171893117,0.9468333125114441
638,38.0,1.2000000000000002,0.4770672830939294,0.9471666812896729
639,39.0,1.2000000000000002,0.4641971004009247,0.9470832943916321
640,40.0,1.2000000000000002,0.4677843962609768,0.9465833306312561
641,41.0,1.2000000000000002,0.47713041394948963,0.9459999799728394
642,42.0,1.2000000000000002,0.4781387132406234,0.9462499618530273
643,43.0,1.2000000000000002,0.4867328970134258,0.9460833072662354
644,44.0,1.2000000000000002,0.48751303404569635,0.9459999799728394
645,45.0,1.2000000000000002,0.48144803732633595,0.9444999694824219
646,46.0,1.2000000000000002,0.4935946521162987,0.9465833306312561
647,47.0,1.2000000000000002,0.4863100402057171,0.9453333020210266
648,48.0,1.2000000000000002,0.4688306069374085,0.9480000138282776
649,49.0,1.2000000000000002,0.4944080318510532,0.9464166760444641
650,50.0,1.2000000000000002,0.4827327680587768,0.9462499618530273
651,51.0,1.2000000000000002,0.49205590277910227,0.9461666345596313
652,52.0,1.2000000000000002,0.5007673387229443,0.9447500109672546
653,53.0,1.2000000000000002,0.5027125696837903,0.9456666707992554
654,54.0,1.2000000000000002,0.4989741598069669,0.9449999928474426
655,55.0,1.2000000000000002,0.5024251291155817,0.9458333253860474
656,56.0,1.2000000000000002,0.5109013316035271,0.9448333382606506
657,57.0,1.2000000000000002,0.5201315273344517,0.9459999799728394
658,58.0,1.2000000000000002,0.5145285187661648,0.9437499642372131
659,59.0,1.2000000000000002,0.5074470767378808,0.9463333487510681
660,60.0,1.2000000000000002,0.5151728224754334,0.9432500004768372
661,61.0,1.2000000000000002,0.5092994916439058,0.9447500109672546
662,62.0,1.2000000000000002,0.519689108133316,0.9438333511352539
663,63.0,1.2000000000000002,0.5220101486146451,0.9415000081062317
664,64.0,1.2000000000000002,0.5221900776028633,0.9432500004768372
665,65.0,1.2000000000000002,0.5135925978422166,0.9442499876022339
666,66.0,1.2000000000000002,0.5271557024121284,0.9446666836738586
667,67.0,1.2000000000000002,0.5214755959808827,0.9432500004768372
668,68.0,1.2000000000000002,0.5264212995767595,0.9424166679382324
669,69.0,1.2000000000000002,0.5285390487313271,0.9449999928474426
670,70.0,1.2000000000000002,0.5477287589013576,0.9455000162124634
671,71.0,1.2000000000000002,0.5351709377765657,0.9449999928474426
672,72.0,1.2000000000000002,0.5352001570165157,0.9443333148956299
673,73.0,1.2000000000000002,0.5517634204030036,0.9431666731834412
674,74.0,1.2000000000000002,0.5522572301328182,0.940833330154419
675,75.0,1.2000000000000002,0.5487037435173989,0.9422500133514404
676,76.0,1.2000000000000002,0.5564311347901821,0.9443333148956299
677,77.0,1.2000000000000002,0.5503892803192139,0.9425833225250244
678,78.0,1.2000000000000002,0.5545314310491086,0.9442499876022339
679,79.0,1.2000000000000002,0.5579515729844571,0.9440833330154419
680,80.0,1.2000000000000002,0.5656688521802427,0.9454166293144226
681,81.0,1.2000000000000002,0.5609362536668778,0.9444999694824219
682,82.0,1.2000000000000002,0.5647365351021291,0.9442499876022339
683,83.0,1.2000000000000002,0.5551382403075695,0.9446666836738586
684,84.0,1.2000000000000002,0.5532788076996803,0.9430000185966492
685,85.0,1.2000000000000002,0.560589356869459,0.9415000081062317
686,86.0,1.2000000000000002,0.5748110936582089,0.9427499771118164
687,87.0,1.2000000000000002,0.5542484238743782,0.9436666369438171
688,88.0,1.2000000000000002,0.5553109520673752,0.9434166550636292
689,89.0,1.2000000000000002,0.5588167060911655,0.9432500004768372
690,90.0,1.2000000000000002,0.5695864281058312,0.9424999952316284
691,91.0,1.2000000000000002,0.5892539325356483,0.9440000057220459
692,92.0,1.2000000000000002,0.5779080519080162,0.9434999823570251
693,93.0,1.2000000000000002,0.5783119142055512,0.9424166679382324
694,94.0,1.2000000000000002,0.5771736326813699,0.9421666860580444
695,95.0,1.2000000000000002,0.5682254908978939,0.9430000185966492
696,96.0,1.2000000000000002,0.587729099392891,0.9425833225250244
697,97.0,1.2000000000000002,0.6006654781103136,0.9424999952316284
698,98.0,1.2000000000000002,0.5754415094852446,0.940750002861023
699,99.0,1.2000000000000002,0.5892877887189388,0.9422500133514404
700,0.0,1.4000000000000001,0.48912225142121324,0.10383333265781403
701,1.0,1.4000000000000001,0.3197112326323986,0.8880000114440918
702,2.0,1.4000000000000001,0.3419357065856457,0.9176666736602783
703,3.0,1.4000000000000001,0.38151226982474323,0.9298333525657654
704,4.0,1.4000000000000001,0.3861459322273731,0.9385833144187927
705,5.0,1.4000000000000001,0.4110016342997552,0.9413332939147949
706,6.0,1.4000000000000001,0.4084054286777973,0.9451666474342346
707,7.0,1.4000000000000001,0.4219024904072285,0.9469999670982361
708,8.0,1.4000000000000001,0.4228170530498027,0.9490000009536743
709,9.0,1.4000000000000001,0.4479928895831108,0.9465833306312561
710,10.0,1.4000000000000001,0.4524490816891194,0.9478332996368408
711,11.0,1.4000000000000001,0.46977341949939727,0.949916660785675
712,12.0,1.4000000000000001,0.46516206189990034,0.950249969959259
713,13.0,1.4000000000000001,0.4681745590269567,0.950333297252655
714,14.0,1.4000000000000001,0.46816138729453094,0.9487500190734863
715,15.0,1.4000000000000001,0.5051883928477764,0.9497500061988831
716,16.0,1.4000000000000001,0.49080606952309613,0.9509166479110718
717,17.0,1.4000000000000001,0.4850184053182602,0.9505833387374878
718,18.0,1.4000000000000001,0.4850190524756909,0.949916660785675
719,19.0,1.4000000000000001,0.496520035415888,0.9509999752044678
720,20.0,1.4000000000000001,0.5149255104362966,0.953416645526886
721,21.0,1.4000000000000001,0.5010954472422601,0.9518333077430725
722,22.0,1.4000000000000001,0.5045390835404395,0.9517499804496765
723,23.0,1.4000000000000001,0.5221120217442514,0.9509166479110718
724,24.0,1.4000000000000001,0.5322399517893792,0.953083336353302
725,25.0,1.4000000000000001,0.5136401665210724,0.9525833129882812
726,26.0,1.4000000000000001,0.5321889311075212,0.9515833258628845
727,27.0,1.4000000000000001,0.538463797569275,0.9526666402816772
728,28.0,1.4000000000000001,0.5311030888557434,0.95333331823349
729,29.0,1.4000000000000001,0.5397842037677766,0.9519166350364685
730,30.0,1.4000000000000001,0.5359812484681605,0.9521666765213013
731,31.0,1.4000000000000001,0.549722612798214,0.9507499933242798
732,32.0,1.4000000000000001,0.5449078972637654,0.9515833258628845
733,33.0,1.4000000000000001,0.5347116702795028,0.9523333311080933
734,34.0,1.4000000000000001,0.5532698780298234,0.9524999856948853
735,35.0,1.4000000000000001,0.5569974875450134,0.9525833129882812
736,36.0,1.4000000000000001,0.5569724836945533,0.9513333439826965
737,37.0,1.4000000000000001,0.5656612312793732,0.9527499675750732
738,38.0,1.4000000000000001,0.5542744529247284,0.9506666660308838
739,39.0,1.4000000000000001,0.5652812969684601,0.9516666531562805
740,40.0,1.4000000000000001,0.5712267898023129,0.9524999856948853
741,41.0,1.4000000000000001,0.5761902859807015,0.949999988079071
742,42.0,1.4000000000000001,0.5585786907374859,0.9545000195503235
743,43.0,1.4000000000000001,0.5683251461386681,0.9520833492279053
744,44.0,1.4000000000000001,0.5707839362323284,0.953083336353302
745,45.0,1.4000000000000001,0.5872349464893342,0.95291668176651
746,46.0,1.4000000000000001,0.572351832985878,0.9518333077430725
747,47.0,1.4000000000000001,0.5828805823624134,0.9543333053588867
748,48.0,1.4000000000000001,0.5967744974792005,0.9512500166893005
749,49.0,1.4000000000000001,0.5872059240937233,0.9527499675750732
750,50.0,1.4000000000000001,0.5842793513834477,0.9515833258628845
751,51.0,1.4000000000000001,0.601013005077839,0.9506666660308838
752,52.0,1.4000000000000001,0.6073629249632359,0.9524999856948853
753,53.0,1.4000000000000001,0.5985676647722722,0.9520833492279053
754,54.0,1.4000000000000001,0.6000347913801669,0.9516666531562805
755,55.0,1.4000000000000001,0.6055248294770718,0.950333297252655
756,56.0,1.4000000000000001,0.599953683614731,0.9506666660308838
757,57.0,1.4000000000000001,0.6011073829233647,0.9506666660308838
758,58.0,1.4000000000000001,0.6143260119855404,0.9524166584014893
759,59.0,1.4000000000000001,0.621636146903038,0.9513333439826965
760,60.0,1.4000000000000001,0.6140839786827564,0.9488333463668823
761,61.0,1.4000000000000001,0.6153936028480529,0.9515833258628845
762,62.0,1.4000000000000001,0.6180061002075673,0.9509166479110718
763,63.0,1.4000000000000001,0.6222357894480228,0.9524166584014893
764,64.0,1.4000000000000001,0.6227728459239007,0.9507499933242798
765,65.0,1.4000000000000001,0.6219200454652309,0.9483333230018616
766,66.0,1.4000000000000001,0.6117968213558198,0.950249969959259
767,67.0,1.4000000000000001,0.6148850671947004,0.950166642665863
768,68.0,1.4000000000000001,0.6347341959178449,0.9494166374206543
769,69.0,1.4000000000000001,0.6202008204162122,0.9485833048820496
770,70.0,1.4000000000000001,0.6419476872682572,0.950249969959259
771,71.0,1.4000000000000001,0.6356256102025509,0.9507499933242798
772,72.0,1.4000000000000001,0.628093312382698,0.9520833492279053
773,73.0,1.4000000000000001,0.6360338373482228,0.9512500166893005
774,74.0,1.4000000000000001,0.6262025037407873,0.9504166841506958
775,75.0,1.4000000000000001,0.6428556294739247,0.9513333439826965
776,76.0,1.4000000000000001,0.641924294680357,0.9487500190734863
777,77.0,1.4000000000000001,0.6496167121827603,0.9495833516120911
778,78.0,1.4000000000000001,0.6431932011246682,0.9490000009536743
779,79.0,1.4000000000000001,0.6339789889752865,0.9477499723434448
780,80.0,1.4000000000000001,0.6447935861349107,0.949833333492279
781,81.0,1.4000000000000001,0.6424824342131614,0.9471666812896729
782,82.0,1.4000000000000001,0.6457746569812298,0.9493333101272583
783,83.0,1.4000000000000001,0.6529342232644557,0.9474166631698608
784,84.0,1.4000000000000001,0.6518693593144417,0.9497500061988831
785,85.0,1.4000000000000001,0.6593873864412308,0.9520833492279053
786,86.0,1.4000000000000001,0.670801193267107,0.950166642665863
787,87.0,1.4000000000000001,0.6704510845243931,0.9481666684150696
788,88.0,1.4000000000000001,0.6673446506261825,0.949916660785675
789,89.0,1.4000000000000001,0.6526457767188549,0.949916660785675
790,90.0,1.4000000000000001,0.6649049475789071,0.949833333492279
791,91.0,1.4000000000000001,0.6684352479875088,0.950166642665863
792,92.0,1.4000000000000001,0.6804218059778214,0.9492499828338623
793,93.0,1.4000000000000001,0.6691697932779789,0.9490000009536743
794,94.0,1.4000000000000001,0.670883170068264,0.9480000138282776
795,95.0,1.4000000000000001,0.6722233609855175,0.9478332996368408
796,96.0,1.4000000000000001,0.6668765097856522,0.9483333230018616
797,97.0,1.4000000000000001,0.6628692385554315,0.9496666789054871
798,98.0,1.4000000000000001,0.669355605095625,0.9490833282470703
799,99.0,1.4000000000000001,0.6775639012455941,0.9470832943916321
800,0.0,1.6,0.576720785498619,0.09950000047683716
801,1.0,1.6,0.29397731959819795,0.8786666393280029
802,2.0,1.6,0.3364736664295197,0.9118333458900452
803,3.0,1.6,0.37602528318762773,0.9270833134651184
804,4.0,1.6,0.3882176895439625,0.9319166541099548
805,5.0,1.6,0.40175051242113113,0.9315833449363708
806,6.0,1.6,0.4007389451563359,0.9355833530426025
807,7.0,1.6,0.4332823860645294,0.9404999613761902
808,8.0,1.6,0.4363883681595325,0.9428333044052124
809,9.0,1.6,0.44667619660496716,0.9418333172798157
810,10.0,1.6,0.4576355579495431,0.9430833458900452
811,11.0,1.6,0.45646077767014503,0.9444999694824219
812,12.0,1.6,0.46526933044195173,0.9444999694824219
813,13.0,1.6,0.4734360121190547,0.9458333253860474
814,14.0,1.6,0.4544647535681725,0.9462499618530273
815,15.0,1.6,0.4759076295793057,0.9438333511352539
816,16.0,1.6,0.4969184641540051,0.9450833201408386
817,17.0,1.6,0.48923809319734585,0.9457499980926514
818,18.0,1.6,0.4996037995815277,0.9467499852180481
819,19.0,1.6,0.5023157271742822,0.9486666321754456
820,20.0,1.6,0.5162055933475493,0.9492499828338623
821,21.0,1.6,0.5133945609629155,0.9480833411216736
822,22.0,1.6,0.5070320390164853,0.9479166269302368
823,23.0,1.6,0.5217338454723358,0.9470832943916321
824,24.0,1.6,0.5189845547080041,0.9485833048820496
825,25.0,1.6,0.5223706759512424,0.9475833177566528
826,26.0,1.6,0.5292244963347913,0.9480000138282776
827,27.0,1.6,0.5388434122502803,0.9485833048820496
828,28.0,1.6,0.5275770007073879,0.9472500085830688
829,29.0,1.6,0.530838125050068,0.9468333125114441
830,30.0,1.6,0.5431438918411732,0.9487500190734863
831,31.0,1.6,0.5341680216789246,0.9489166736602783
832,32.0,1.6,0.5315881110727788,0.9485833048820496
833,33.0,1.6,0.5403910642862321,0.9490000009536743
834,34.0,1.6,0.5438284604251384,0.9477499723434448
835,35.0,1.6,0.5467230562865734,0.9477499723434448
836,36.0,1.6,0.5589204996824265,0.9465833306312561
837,37.0,1.6,0.5685401609539985,0.9488333463668823
838,38.0,1.6,0.5622583641111851,0.9484999775886536
839,39.0,1.6,0.5619559527933597,0.9487500190734863
840,40.0,1.6,0.5674920596182347,0.9461666345596313
841,41.0,1.6,0.559534035474062,0.9492499828338623
842,42.0,1.6,0.5698990200459958,0.9488333463668823
843,43.0,1.6,0.5623295547068119,0.9484999775886536
844,44.0,1.6,0.5764514130353928,0.9479166269302368
845,45.0,1.6,0.5846129919588566,0.9488333463668823
846,46.0,1.6,0.568551644384861,0.9487500190734863
847,47.0,1.6,0.5940865762531757,0.9487500190734863
848,48.0,1.6,0.5997760671377181,0.9461666345596313
849,49.0,1.6,0.5821555191278457,0.9473333358764648
850,50.0,1.6,0.5764786954224109,0.9474999904632568
851,51.0,1.6,0.5887176664173603,0.9469999670982361
852,52.0,1.6,0.6036376558244229,0.9493333101272583
853,53.0,1.6,0.6028071756660938,0.9479166269302368
854,54.0,1.6,0.6013051104545593,0.9485833048820496
855,55.0,1.6,0.5949430756270886,0.9476666450500488
856,56.0,1.6,0.5877375683188439,0.9481666684150696
857,57.0,1.6,0.5976448400318624,0.9470832943916321
858,58.0,1.6,0.6103092494606972,0.9461666345596313
859,59.0,1.6,0.6120256488025189,0.9469166398048401
860,60.0,1.6,0.6261960217356681,0.9464166760444641
861,61.0,1.6,0.6057724736630916,0.9483333230018616
862,62.0,1.6,0.606829351782799,0.9453333020210266
863,63.0,1.6,0.6100301280617714,0.9474166631698608
864,64.0,1.6,0.6287506048381329,0.9452499747276306
865,65.0,1.6,0.61501824259758,0.9474999904632568
866,66.0,1.6,0.6163791528344155,0.9465000033378601
867,67.0,1.6,0.6246715337038039,0.9459999799728394
868,68.0,1.6,0.6173017171025277,0.9455000162124634
869,69.0,1.6,0.6242161405086518,0.9460833072662354
870,70.0,1.6,0.6326586082577706,0.9465000033378601
871,71.0,1.6,0.6341636449098588,0.9458333253860474
872,72.0,1.6,0.625080589056015,0.9475833177566528
873,73.0,1.6,0.6266868239641189,0.9446666836738586
874,74.0,1.6,0.628617840707302,0.9451666474342346
875,75.0,1.6,0.6278025260567665,0.9445832967758179
876,76.0,1.6,0.6507406914234161,0.9451666474342346
877,77.0,1.6,0.6554398655891418,0.9467499852180481
878,78.0,1.6,0.6385262779891493,0.9462499618530273
879,79.0,1.6,0.6420593200623989,0.9468333125114441
880,80.0,1.6,0.6437519516050816,0.9454166293144226
881,81.0,1.6,0.6549344372749328,0.9459166526794434
882,82.0,1.6,0.6594225458800794,0.9450833201408386
883,83.0,1.6,0.6556132581830024,0.9448333382606506
884,84.0,1.6,0.6563910135626794,0.9461666345596313
885,85.0,1.6,0.6636887517571448,0.9459999799728394
886,86.0,1.6,0.6614851109683515,0.9453333020210266
887,87.0,1.6,0.6638821049034596,0.9448333382606506
888,88.0,1.6,0.6671274474263191,0.9456666707992554
889,89.0,1.6,0.6653487569093703,0.9444999694824219
890,90.0,1.6,0.664608592838049,0.9434166550636292
891,91.0,1.6,0.6646410198509694,0.9437499642372131
892,92.0,1.6,0.6656456124782563,0.9430833458900452
893,93.0,1.6,0.6664372186362745,0.9446666836738586
894,94.0,1.6,0.6592918549478054,0.9443333148956299
895,95.0,1.6,0.6818731813132762,0.9451666474342346
896,96.0,1.6,0.6736838248372079,0.9458333253860474
897,97.0,1.6,0.671511591076851,0.9465000033378601
898,98.0,1.6,0.6902601270377636,0.9438333511352539
899,99.0,1.6,0.6778049939870836,0.9442499876022339
900,0.0,1.8,0.6284801618754864,0.08908332884311676
901,1.0,1.8,0.3354948836565018,0.8724166750907898
902,2.0,1.8,0.3813980741798878,0.9097499847412109
903,3.0,1.8,0.4034766037762165,0.9278333187103271
904,4.0,1.8,0.4245367802679539,0.934666633605957
905,5.0,1.8,0.4379526081681252,0.9384166598320007
906,6.0,1.8,0.4316181664168834,0.9422500133514404
907,7.0,1.8,0.4486970333755017,0.9439166784286499
908,8.0,1.8,0.4703280545771122,0.9458333253860474
909,9.0,1.8,0.4634010504186154,0.9465000033378601
910,10.0,1.8,0.4887305763363837,0.9462499618530273
911,11.0,1.8,0.4845372197031975,0.9452499747276306
912,12.0,1.8,0.4772884571552276,0.9472500085830688
913,13.0,1.8,0.5059315381944179,0.9505833387374878
914,14.0,1.8,0.4928390392661094,0.9496666789054871
915,15.0,1.8,0.4985426211357117,0.9488333463668823
916,16.0,1.8,0.5111733201146126,0.950083315372467
917,17.0,1.8,0.501239743679762,0.9489166736602783
918,18.0,1.8,0.5213003009557724,0.9491666555404663
919,19.0,1.8,0.5366958285868167,0.949999988079071
920,20.0,1.8,0.5453756083548069,0.9480000138282776
921,21.0,1.8,0.5389280867576599,0.9490833282470703
922,22.0,1.8,0.5536277537047865,0.9486666321754456
923,23.0,1.8,0.5502847655117511,0.949833333492279
924,24.0,1.8,0.5550708793103695,0.9487500190734863
925,25.0,1.8,0.5508044844865799,0.9504166841506958
926,26.0,1.8,0.5560614757239819,0.9491666555404663
927,27.0,1.8,0.5653111518919468,0.950166642665863
928,28.0,1.8,0.5541300694644453,0.9509999752044678
929,29.0,1.8,0.5587603338062763,0.9494166374206543
930,30.0,1.8,0.5623719398677349,0.950083315372467
931,31.0,1.8,0.5847949275374413,0.9487500190734863
932,32.0,1.8,0.5670093078911306,0.949999988079071
933,33.0,1.8,0.5851079769432546,0.9495833516120911
934,34.0,1.8,0.5975736469030382,0.949999988079071
935,35.0,1.8,0.5970907071232796,0.9492499828338623
936,36.0,1.8,0.5668764811754227,0.9492499828338623
937,37.0,1.8,0.5930432397127151,0.9494166374206543
938,38.0,1.8,0.5864167714118957,0.9479166269302368
939,39.0,1.8,0.5954389390349388,0.950083315372467
940,40.0,1.8,0.5987203896045685,0.9495833516120911
941,41.0,1.8,0.581777846813202,0.9491666555404663
942,42.0,1.8,0.6072585715353489,0.9505000114440918
943,43.0,1.8,0.5890939155220986,0.9493333101272583
944,44.0,1.8,0.6103142179548742,0.9508333206176758
945,45.0,1.8,0.6177360218763351,0.949999988079071
946,46.0,1.8,0.6144748164713384,0.9509999752044678
947,47.0,1.8,0.6101641063392164,0.9489166736602783
948,48.0,1.8,0.6202140022814273,0.9488333463668823
949,49.0,1.8,0.6186387242376805,0.9490833282470703
950,50.0,1.8,0.6271594949066639,0.9491666555404663
951,51.0,1.8,0.6249044196307659,0.9486666321754456
952,52.0,1.8,0.6194441650807858,0.9484166502952576
953,53.0,1.8,0.6309419810771943,0.9518333077430725
954,54.0,1.8,0.6260403734445572,0.9509999752044678
955,55.0,1.8,0.6135254560410976,0.9481666684150696
956,56.0,1.8,0.6316475276648998,0.9484999775886536
957,57.0,1.8,0.6411264902353287,0.9494999647140503
958,58.0,1.8,0.6397261391580106,0.9492499828338623
959,59.0,1.8,0.6359131447970867,0.9489166736602783
960,60.0,1.8,0.6240374960005284,0.9486666321754456
961,61.0,1.8,0.6363378252089025,0.9482499957084656
962,62.0,1.8,0.6361555379629136,0.9489166736602783
963,63.0,1.8,0.6378585574030875,0.9488333463668823
964,64.0,1.8,0.6430142486095429,0.9477499723434448
965,65.0,1.8,0.6397337667644025,0.9493333101272583
966,66.0,1.8,0.6297657109797001,0.9484166502952576
967,67.0,1.8,0.6400110866129398,0.9494999647140503
968,68.0,1.8,0.6418229679763316,0.9491666555404663
969,69.0,1.8,0.652237247824669,0.9490833282470703
970,70.0,1.8,0.642121496796608,0.9489166736602783
971,71.0,1.8,0.6473539055883885,0.9474166631698608
972,72.0,1.8,0.6580017983913422,0.9475833177566528
973,73.0,1.8,0.6552561248838902,0.9467499852180481
974,74.0,1.8,0.6712838619947434,0.9481666684150696
975,75.0,1.8,0.6639062976837158,0.9469999670982361
976,76.0,1.8,0.6624520476162433,0.9472500085830688
977,77.0,1.8,0.6748698389530181,0.9491666555404663
978,78.0,1.8,0.6665870171785355,0.9490833282470703
979,79.0,1.8,0.660297600030899,0.9473333358764648
980,80.0,1.8,0.6661750297248366,0.9465833306312561
981,81.0,1.8,0.6684977814555169,0.9472500085830688
982,82.0,1.8,0.6632359838485719,0.9493333101272583
983,83.0,1.8,0.6750069768726826,0.9469166398048401
984,84.0,1.8,0.6657023628056049,0.9471666812896729
985,85.0,1.8,0.6714857003092767,0.9461666345596313
986,86.0,1.8,0.6855320060253144,0.9497500061988831
987,87.0,1.8,0.6894694460928441,0.9464166760444641
988,88.0,1.8,0.6860414922237397,0.9482499957084656
989,89.0,1.8,0.682587231695652,0.9465000033378601
990,90.0,1.8,0.6759695014357566,0.9469999670982361
991,91.0,1.8,0.6848689949512483,0.9474166631698608
992,92.0,1.8,0.6847099801898001,0.9470832943916321
993,93.0,1.8,0.6936458289623261,0.9474999904632568
994,94.0,1.8,0.696570135653019,0.9473333358764648
995,95.0,1.8,0.6954778625071049,0.9465833306312561
996,96.0,1.8,0.6826048472523689,0.9487500190734863
997,97.0,1.8,0.6945722170174122,0.9481666684150696
998,98.0,1.8,0.6927628065645695,0.9469999670982361
999,99.0,1.8,0.7070643311738968,0.9458333253860474
1000,0.0,2.0,0.6917310900986195,0.09950000047683716
1001,1.0,2.0,0.3484031163156033,0.874750018119812
1002,2.0,2.0,0.4031301991641521,0.9128333330154419
1003,3.0,2.0,0.42944538161158563,0.9237499833106995
1004,4.0,2.0,0.4367621618509293,0.9338333010673523
1005,5.0,2.0,0.4716496402025222,0.9353333115577698
1006,6.0,2.0,0.4886490799486637,0.9380833506584167
1007,7.0,2.0,0.49288930401206016,0.937666654586792
1008,8.0,2.0,0.5035617443919181,0.9401666522026062
1009,9.0,2.0,0.5156897108256817,0.9420832991600037
1010,10.0,2.0,0.5331103238463403,0.9424999952316284
1011,11.0,2.0,0.5322766394913198,0.9444999694824219
1012,12.0,2.0,0.5216171051561833,0.9459999799728394
1013,13.0,2.0,0.5270148448646068,0.9444999694824219
1014,14.0,2.0,0.5597919145226479,0.9475833177566528
1015,15.0,2.0,0.5576907008886337,0.9455833435058594
1016,16.0,2.0,0.5468926870822906,0.9459166526794434
1017,17.0,2.0,0.558308185338974,0.9463333487510681
1018,18.0,2.0,0.5584623670578003,0.9484166502952576
1019,19.0,2.0,0.568885740786791,0.9492499828338623
1020,20.0,2.0,0.5611055484414101,0.9488333463668823
1021,21.0,2.0,0.5748744828999042,0.9488333463668823
1022,22.0,2.0,0.5708222609758378,0.9488333463668823
1023,23.0,2.0,0.5833523546159267,0.9496666789054871
1024,24.0,2.0,0.5888008932769299,0.9507499933242798
1025,25.0,2.0,0.5844043211638927,0.9522500038146973
1026,26.0,2.0,0.5893247784674168,0.9484999775886536
1027,27.0,2.0,0.5834894461929798,0.9513333439826965
1028,28.0,2.0,0.5937512966990471,0.9519166350364685
1029,29.0,2.0,0.5983857622742652,0.9491666555404663
1030,30.0,2.0,0.5978776676952839,0.9515833258628845
1031,31.0,2.0,0.6047176100313665,0.9517499804496765
1032,32.0,2.0,0.6030778798460961,0.9512500166893005
1033,33.0,2.0,0.6083724763989448,0.950166642665863
1034,34.0,2.0,0.5976159717142583,0.9509166479110718
1035,35.0,2.0,0.6194303813576699,0.9505000114440918
1036,36.0,2.0,0.6281753699481488,0.950083315372467
1037,37.0,2.0,0.6346936701238155,0.9512500166893005
1038,38.0,2.0,0.6291753330826759,0.950083315372467
1039,39.0,2.0,0.6444538351893425,0.9517499804496765
1040,40.0,2.0,0.6313755126297474,0.9526666402816772
1041,41.0,2.0,0.6295253640413285,0.9519999623298645
1042,42.0,2.0,0.6263339439034462,0.9523333311080933
1043,43.0,2.0,0.6301649905741215,0.9511666297912598
1044,44.0,2.0,0.6381290125846862,0.9514999985694885
1045,45.0,2.0,0.646336295902729,0.9507499933242798
1046,46.0,2.0,0.6569181732833387,0.9508333206176758
1047,47.0,2.0,0.6486714774370194,0.9513333439826965
1048,48.0,2.0,0.6590667355060578,0.9515833258628845
1049,49.0,2.0,0.6671612074971199,0.95333331823349
1050,50.0,2.0,0.6518111263215541,0.950166642665863
1051,51.0,2.0,0.6590269576013089,0.9493333101272583
1052,52.0,2.0,0.6709779018163682,0.9507499933242798
1053,53.0,2.0,0.6704252381622792,0.9493333101272583
1054,54.0,2.0,0.6624577912688256,0.9508333206176758
1055,55.0,2.0,0.6569844830036164,0.9509999752044678
1056,56.0,2.0,0.6723974137008191,0.9509166479110718
1057,57.0,2.0,0.6715442088246345,0.9488333463668823
1058,58.0,2.0,0.6766175344586374,0.9514999985694885
1059,59.0,2.0,0.6704018802940845,0.950166642665863
1060,60.0,2.0,0.6815480832755567,0.950083315372467
1061,61.0,2.0,0.6848025073111057,0.949833333492279
1062,62.0,2.0,0.6943536958098412,0.9486666321754456
1063,63.0,2.0,0.6853264848887921,0.9493333101272583
1064,64.0,2.0,0.6868018631637096,0.9495833516120911
1065,65.0,2.0,0.6904116687178613,0.9470832943916321
1066,66.0,2.0,0.6944472691416742,0.9484999775886536
1067,67.0,2.0,0.6916861690580846,0.9489166736602783
1068,68.0,2.0,0.6935093800723554,0.9488333463668823
1069,69.0,2.0,0.6967384089529515,0.9495833516120911
1070,70.0,2.0,0.6913980923593045,0.9485833048820496
1071,71.0,2.0,0.7014808571338654,0.9494166374206543
1072,72.0,2.0,0.6917613935470581,0.949916660785675
1073,73.0,2.0,0.7117474822700023,0.9481666684150696
1074,74.0,2.0,0.7076533864438533,0.9496666789054871
1075,75.0,2.0,0.6958102473616601,0.9494999647140503
1076,76.0,2.0,0.7095173326134682,0.9505000114440918
1077,77.0,2.0,0.7127884036302568,0.9490833282470703
1078,78.0,2.0,0.6993612323701381,0.9492499828338623
1079,79.0,2.0,0.7044163393974305,0.9480000138282776
1080,80.0,2.0,0.7188931773602962,0.949999988079071
1081,81.0,2.0,0.7106834870576859,0.9490833282470703
1082,82.0,2.0,0.711974817365408,0.9490833282470703
1083,83.0,2.0,0.7063037909567356,0.9492499828338623
1084,84.0,2.0,0.7058105976879597,0.9488333463668823
1085,85.0,2.0,0.72202829182148,0.9484999775886536
1086,86.0,2.0,0.7270360839366914,0.9490833282470703
1087,87.0,2.0,0.7256804320216179,0.9490000009536743
1088,88.0,2.0,0.7176473426818848,0.9466666579246521
1089,89.0,2.0,0.7268475991487503,0.9475833177566528
1090,90.0,2.0,0.7273141251504421,0.9491666555404663
1091,91.0,2.0,0.7224783562123775,0.9490000009536743
1092,92.0,2.0,0.7423548384010792,0.9490000009536743
1093,93.0,2.0,0.7188961496949196,0.9467499852180481
1094,94.0,2.0,0.7203565134108068,0.9479166269302368
1095,95.0,2.0,0.7368473941087724,0.9486666321754456
1096,96.0,2.0,0.7393452763557434,0.9467499852180481
1097,97.0,2.0,0.7260176536440849,0.949916660785675
1098,98.0,2.0,0.7327974586188795,0.9477499723434448
1099,99.0,2.0,0.7400962418317795,0.9485833048820496
1100,0.0,2.2,0.7338933712244033,0.1132500022649765
1101,1.0,2.2,0.3263025484979153,0.8815833330154419
1102,2.0,2.2,0.38546419247984887,0.9104999899864197
1103,3.0,2.2,0.40575214847922336,0.9214999675750732
1104,4.0,2.2,0.44810478657484054,0.9258333444595337
1105,5.0,2.2,0.4541150671243668,0.9327499866485596
1106,6.0,2.2,0.47262894719839094,0.9353333115577698
1107,7.0,2.2,0.48125429421663285,0.9371666312217712
1108,8.0,2.2,0.4945685212314129,0.9385833144187927
1109,9.0,2.2,0.5146378220617771,0.940666675567627
1110,10.0,2.2,0.5180848655104638,0.9400833249092102
1111,11.0,2.2,0.5398470988869668,0.9409166574478149
1112,12.0,2.2,0.5480565524101257,0.9422500133514404
1113,13.0,2.2,0.5515013976395131,0.9430000185966492
1114,14.0,2.2,0.5448553903400899,0.9419166445732117
1115,15.0,2.2,0.5543401244282722,0.9419999718666077
1116,16.0,2.2,0.5553889587521553,0.9448333382606506
1117,17.0,2.2,0.5814130027592181,0.9440833330154419
1118,18.0,2.2,0.5669938710331917,0.9439166784286499
1119,19.0,2.2,0.5712056276202202,0.9449999928474426
1120,20.0,2.2,0.5982276186347008,0.9419999718666077
1121,21.0,2.2,0.5948235970735551,0.9465833306312561
1122,22.0,2.2,0.5911749628186226,0.9449166655540466
1123,23.0,2.2,0.5970313878357411,0.9456666707992554
1124,24.0,2.2,0.6015377132594586,0.9444999694824219
1125,25.0,2.2,0.6192097413539885,0.9441666603088379
1126,26.0,2.2,0.6116739384829999,0.9452499747276306
1127,27.0,2.2,0.6189553610980509,0.9474999904632568
1128,28.0,2.2,0.6151169471442699,0.9453333020210266
1129,29.0,2.2,0.6292774385213852,0.9461666345596313
1130,30.0,2.2,0.6344000950455667,0.9445832967758179
1131,31.0,2.2,0.6390810418128967,0.9465000033378601
1132,32.0,2.2,0.6512978972494603,0.9465000033378601
1133,33.0,2.2,0.6318373391032218,0.9447500109672546
1134,34.0,2.2,0.6479135000705719,0.9462499618530273
1135,35.0,2.2,0.6410048528015613,0.9460833072662354
1136,36.0,2.2,0.6375868229568005,0.9479166269302368
1137,37.0,2.2,0.6667582406103612,0.9469999670982361
1138,38.0,2.2,0.6526227043569088,0.9460833072662354
1139,39.0,2.2,0.6514607028663159,0.9482499957084656
1140,40.0,2.2,0.6813962961733341,0.9487500190734863
1141,41.0,2.2,0.6754827155172825,0.9484166502952576
1142,42.0,2.2,0.6721831086277963,0.9479166269302368
1143,43.0,2.2,0.6639706262946129,0.9481666684150696
1144,44.0,2.2,0.6721257305145264,0.9485833048820496
1145,45.0,2.2,0.6763208471238614,0.9473333358764648
1146,46.0,2.2,0.6842986351251603,0.9489166736602783
1147,47.0,2.2,0.6913048177957534,0.9476666450500488
1148,48.0,2.2,0.6778281468153,0.9476666450500488
1149,49.0,2.2,0.6818117210268974,0.9478332996368408
1150,50.0,2.2,0.6916920708119869,0.9487500190734863
1151,51.0,2.2,0.6789860340952872,0.9481666684150696
1152,52.0,2.2,0.6815900120139122,0.9480833411216736
1153,53.0,2.2,0.6857065860927105,0.9488333463668823
1154,54.0,2.2,0.6961885853111743,0.9474999904632568
1155,55.0,2.2,0.6981820987164974,0.9470832943916321
1156,56.0,2.2,0.698308106660843,0.9477499723434448
1157,57.0,2.2,0.706894582360983,0.9477499723434448
1158,58.0,2.2,0.7013548202812672,0.9490833282470703
1159,59.0,2.2,0.7099377240240575,0.9474999904632568
1160,60.0,2.2,0.7085649096965789,0.9468333125114441
1161,61.0,2.2,0.7023263511061668,0.9486666321754456
1162,62.0,2.2,0.7133648072183133,0.9482499957084656
1163,63.0,2.2,0.7167944987118244,0.9480000138282776
1164,64.0,2.2,0.710090932995081,0.9482499957084656
1165,65.0,2.2,0.7111933583021165,0.9473333358764648
1166,66.0,2.2,0.7212925824522973,0.9484166502952576
1167,67.0,2.2,0.7084803098440171,0.9475833177566528
1168,68.0,2.2,0.7209251604974269,0.9470832943916321
1169,69.0,2.2,0.7123974731564522,0.9482499957084656
1170,70.0,2.2,0.7160515230894089,0.9467499852180481
1171,71.0,2.2,0.7246157068014145,0.9469999670982361
1172,72.0,2.2,0.7159769681096076,0.9459166526794434
1173,73.0,2.2,0.7240132208168507,0.9474166631698608
1174,74.0,2.2,0.7331162811815739,0.9453333020210266
1175,75.0,2.2,0.7288852979242803,0.9475833177566528
1176,76.0,2.2,0.7426809032261372,0.9459166526794434
1177,77.0,2.2,0.7229370814561844,0.9453333020210266
1178,78.0,2.2,0.7406757484376431,0.9467499852180481
1179,79.0,2.2,0.7436891989409923,0.9474999904632568
1180,80.0,2.2,0.7282897937297823,0.9452499747276306
1181,81.0,2.2,0.7369497950375081,0.9491666555404663
1182,82.0,2.2,0.73568654820323,0.9462499618530273
1183,83.0,2.2,0.7310929244756699,0.9456666707992554
1184,84.0,2.2,0.7513761712610721,0.9464166760444641
1185,85.0,2.2,0.7430167524516582,0.9467499852180481
1186,86.0,2.2,0.7403485177457333,0.9446666836738586
1187,87.0,2.2,0.764935338795185,0.9461666345596313
1188,88.0,2.2,0.7596288095414638,0.9462499618530273
1189,89.0,2.2,0.7494907192885877,0.9449166655540466
1190,90.0,2.2,0.7508170959353447,0.9452499747276306
1191,91.0,2.2,0.7517418828606607,0.9477499723434448
1192,92.0,2.2,0.7520956601202489,0.9460833072662354
1193,93.0,2.2,0.7512028858065605,0.9471666812896729
1194,94.0,2.2,0.758584508150816,0.9468333125114441
1195,95.0,2.2,0.7556798194348812,0.9454166293144226
1196,96.0,2.2,0.7617561872303485,0.9455000162124634
1197,97.0,2.2,0.7568812742829323,0.9440000057220459
1198,98.0,2.2,0.7623812025785447,0.9465833306312561
1199,99.0,2.2,0.7649525614082814,0.9458333253860474
1200,0.0,2.4000000000000004,0.7816480609774589,0.10383333265781403
1201,1.0,2.4000000000000004,0.3481190271675587,0.8689166307449341
1202,2.0,2.4000000000000004,0.4103394232690335,0.9096666574478149
1203,3.0,2.4000000000000004,0.4393902797996997,0.9246666431427002
1204,4.0,2.4000000000000004,0.47204823017120373,0.9297499656677246
1205,5.0,2.4000000000000004,0.4708298505842686,0.9339166283607483
1206,6.0,2.4000000000000004,0.506833844035864,0.9369999766349792
1207,7.0,2.4000000000000004,0.5023036271333695,0.9392499923706055
1208,8.0,2.4000000000000004,0.5236612823605536,0.9402499794960022
1209,9.0,2.4000000000000004,0.5368408377468585,0.940666675567627
1210,10.0,2.4000000000000004,0.5224069459736348,0.9440833330154419
1211,11.0,2.4000000000000004,0.5589995409548283,0.9437499642372131
1212,12.0,2.4000000000000004,0.5642153640091419,0.9448333382606506
1213,13.0,2.4000000000000004,0.556052614748478,0.9458333253860474
1214,14.0,2.4000000000000004,0.5627898181974889,0.9440833330154419
1215,15.0,2.4000000000000004,0.5640643838047982,0.9445832967758179
1216,16.0,2.4000000000000004,0.6035030281543732,0.9469166398048401
1217,17.0,2.4000000000000004,0.5927438051998616,0.9488333463668823
1218,18.0,2.4000000000000004,0.6011711533367635,0.9471666812896729
1219,19.0,2.4000000000000004,0.5973338574171067,0.9448333382606506
1220,20.0,2.4000000000000004,0.6030127120018006,0.9478332996368408
1221,21.0,2.4000000000000004,0.599995563775301,0.9491666555404663
1222,22.0,2.4000000000000004,0.6280920413136483,0.9483333230018616
1223,23.0,2.4000000000000004,0.6083881305158139,0.9484999775886536
1224,24.0,2.4000000000000004,0.6249419310688972,0.9505833387374878
1225,25.0,2.4000000000000004,0.6235889245569706,0.9494999647140503
1226,26.0,2.4000000000000004,0.6334801548719406,0.9474166631698608
1227,27.0,2.4000000000000004,0.6490584495663644,0.9508333206176758
1228,28.0,2.4000000000000004,0.6519713161885738,0.9495833516120911
1229,29.0,2.4000000000000004,0.6543588019907475,0.9521666765213013
1230,30.0,2.4000000000000004,0.6533491730690002,0.9485833048820496
1231,31.0,2.4000000000000004,0.6509212841093541,0.9504166841506958
1232,32.0,2.4000000000000004,0.6622175261378288,0.9483333230018616
1233,33.0,2.4000000000000004,0.6730759190022946,0.9488333463668823
1234,34.0,2.4000000000000004,0.6655090677738191,0.9508333206176758
1235,35.0,2.4000000000000004,0.6554576544463635,0.9486666321754456
1236,36.0,2.4000000000000004,0.6714527423679828,0.950249969959259
1237,37.0,2.4000000000000004,0.6685045033693314,0.9526666402816772
1238,38.0,2.4000000000000004,0.6763995611667634,0.9505000114440918
1239,39.0,2.4000000000000004,0.6749588225781917,0.9515833258628845
1240,40.0,2.4000000000000004,0.6830719767510891,0.9495833516120911
1241,41.0,2.4000000000000004,0.6706684614717962,0.9505833387374878
1242,42.0,2.4000000000000004,0.7027082332968713,0.9505833387374878
1243,43.0,2.4000000000000004,0.6924984741210938,0.9528332948684692
1244,44.0,2.4000000000000004,0.6841064491868017,0.9511666297912598
1245,45.0,2.4000000000000004,0.705872220247984,0.9505833387374878
1246,46.0,2.4000000000000004,0.6984369324147702,0.9489166736602783
1247,47.0,2.4000000000000004,0.7017726716399194,0.9494166374206543
1248,48.0,2.4000000000000004,0.6885442121326923,0.9497500061988831
1249,49.0,2.4000000000000004,0.7010213693976404,0.9508333206176758
1250,50.0,2.4000000000000004,0.7116431190073491,0.9497500061988831
1251,51.0,2.4000000000000004,0.7184701351821423,0.9515833258628845
1252,52.0,2.4000000000000004,0.7249771012365819,0.9514166712760925
1253,53.0,2.4000000000000004,0.7116729879379273,0.9508333206176758
1254,54.0,2.4000000000000004,0.7120043051242828,0.9509999752044678
1255,55.0,2.4000000000000004,0.7190031628310679,0.9469999670982361
1256,56.0,2.4000000000000004,0.7187623336911202,0.949916660785675
1257,57.0,2.4000000000000004,0.7193376523256303,0.949916660785675
1258,58.0,2.4000000000000004,0.7368365557491781,0.9476666450500488
1259,59.0,2.4000000000000004,0.7409303207695486,0.949833333492279
1260,60.0,2.4000000000000004,0.73911676466465,0.9506666660308838
1261,61.0,2.4000000000000004,0.7271628403663636,0.9495833516120911
1262,62.0,2.4000000000000004,0.7308302152156829,0.9506666660308838
1263,63.0,2.4000000000000004,0.7158731923997401,0.9508333206176758
1264,64.0,2.4000000000000004,0.7525048092007638,0.9517499804496765
1265,65.0,2.4000000000000004,0.7316232892870903,0.9519166350364685
1266,66.0,2.4000000000000004,0.7393500420451165,0.9495833516120911
1267,67.0,2.4000000000000004,0.722569168061018,0.949916660785675
1268,68.0,2.4000000000000004,0.7512714691460133,0.949999988079071
1269,69.0,2.4000000000000004,0.7452513344585896,0.9505000114440918
1270,70.0,2.4000000000000004,0.729905232936144,0.9513333439826965
1271,71.0,2.4000000000000004,0.745023857653141,0.9505833387374878
1272,72.0,2.4000000000000004,0.7552783168852331,0.9484166502952576
1273,73.0,2.4000000000000004,0.7496684694290161,0.9482499957084656
1274,74.0,2.4000000000000004,0.7477762952446938,0.9464166760444641
1275,75.0,2.4000000000000004,0.7619847816228866,0.9491666555404663
1276,76.0,2.4000000000000004,0.7516415145993232,0.9494166374206543
1277,77.0,2.4000000000000004,0.7661766456067562,0.950166642665863
1278,78.0,2.4000000000000004,0.75738271266222,0.950166642665863
1279,79.0,2.4000000000000004,0.7368725939095021,0.9505833387374878
1280,80.0,2.4000000000000004,0.7501536460220815,0.9494166374206543
1281,81.0,2.4000000000000004,0.7497517940402031,0.9495833516120911
1282,82.0,2.4000000000000004,0.7679391625523568,0.9507499933242798
1283,83.0,2.4000000000000004,0.7718752531707287,0.9504166841506958
1284,84.0,2.4000000000000004,0.7740747696161272,0.9488333463668823
1285,85.0,2.4000000000000004,0.7728810034692287,0.950333297252655
1286,86.0,2.4000000000000004,0.7665547987818718,0.9491666555404663
1287,87.0,2.4000000000000004,0.7766776651144027,0.9489166736602783
1288,88.0,2.4000000000000004,0.7782149359583855,0.9496666789054871
1289,89.0,2.4000000000000004,0.7670201736688613,0.9494999647140503
1290,90.0,2.4000000000000004,0.7784862367808819,0.9468333125114441
1291,91.0,2.4000000000000004,0.7693116638064386,0.9480000138282776
1292,92.0,2.4000000000000004,0.7782739549875257,0.9494166374206543
1293,93.0,2.4000000000000004,0.7716085284948349,0.9478332996368408
1294,94.0,2.4000000000000004,0.7795731566846371,0.9470832943916321
1295,95.0,2.4000000000000004,0.7690843185782434,0.9494999647140503
1296,96.0,2.4000000000000004,0.7795070098340512,0.9484999775886536
1297,97.0,2.4000000000000004,0.7770878094434738,0.950083315372467
1298,98.0,2.4000000000000004,0.7632133401930332,0.9497500061988831
1299,99.0,2.4000000000000004,0.7786753697693347,0.9480833411216736
1300,0.0,2.6,0.8204426497220995,0.10083333402872086
1301,1.0,2.6,0.35798022091388704,0.8694999814033508
1302,2.0,2.6,0.444029888510704,0.9120000004768372
1303,3.0,2.6,0.4796019940078258,0.9229166507720947
1304,4.0,2.6,0.5062341921031476,0.9284166693687439
1305,5.0,2.6,0.5307914601266386,0.9336666464805603
1306,6.0,2.6,0.5383867321908473,0.9348333477973938
1307,7.0,2.6,0.5594347041845322,0.937416672706604
1308,8.0,2.6,0.5719188633561134,0.9388332962989807
1309,9.0,2.6,0.5532487499713898,0.937250018119812
1310,10.0,2.6,0.5847562104463576,0.9404999613761902
1311,11.0,2.6,0.586860462874174,0.940666675567627
1312,12.0,2.6,0.5958314847946167,0.9421666860580444
1313,13.0,2.6,0.6054106238484382,0.9402499794960022
1314,14.0,2.6,0.6191233751177789,0.9419999718666077
1315,15.0,2.6,0.6200344161689282,0.9409166574478149
1316,16.0,2.6,0.6197883233428001,0.9433333277702332
1317,17.0,2.6,0.6353132516145708,0.9451666474342346
1318,18.0,2.6,0.634506288766861,0.9448333382606506
1319,19.0,2.6,0.6453246021270751,0.9445832967758179
1320,20.0,2.6,0.6539392641186714,0.9433333277702332
1321,21.0,2.6,0.6625007885694505,0.9449999928474426
1322,22.0,2.6,0.6678175076842309,0.9457499980926514
1323,23.0,2.6,0.6590179631114005,0.9444999694824219
1324,24.0,2.6,0.674980215728283,0.9451666474342346
1325,25.0,2.6,0.6532255636155606,0.9426666498184204
1326,26.0,2.6,0.6755990932881833,0.9448333382606506
1327,27.0,2.6,0.6788285210728645,0.9454166293144226
1328,28.0,2.6,0.6810692441463471,0.9452499747276306
1329,29.0,2.6,0.6843032337725161,0.9453333020210266
1330,30.0,2.6,0.6929123249650002,0.9451666474342346
1331,31.0,2.6,0.6760415080189704,0.9447500109672546
1332,32.0,2.6,0.7060230737924575,0.9466666579246521
1333,33.0,2.6,0.6939161856472492,0.9462499618530273
1334,34.0,2.6,0.7034423071146011,0.9456666707992554
1335,35.0,2.6,0.7157233875989915,0.9449166655540466
1336,36.0,2.6,0.705539846867323,0.9466666579246521
1337,37.0,2.6,0.7144437021017074,0.9468333125114441
1338,38.0,2.6,0.7311652956902981,0.9445832967758179
1339,39.0,2.6,0.7070148503780365,0.9465000033378601
1340,40.0,2.6,0.7246735692024232,0.9458333253860474
1341,41.0,2.6,0.7334453600645066,0.9446666836738586
1342,42.0,2.6,0.7221125535666943,0.9450833201408386
1343,43.0,2.6,0.7241432482004166,0.9445832967758179
1344,44.0,2.6,0.7297108978033066,0.9454166293144226
1345,45.0,2.6,0.7250106336176396,0.9467499852180481
1346,46.0,2.6,0.7289062657952309,0.9449166655540466
1347,47.0,2.6,0.7318977554142474,0.9469166398048401
1348,48.0,2.6,0.7485907749831677,0.9462499618530273
1349,49.0,2.6,0.7268500369787217,0.9455833435058594
1350,50.0,2.6,0.7456390380859376,0.9466666579246521
1351,51.0,2.6,0.729135554432869,0.9451666474342346
1352,52.0,2.6,0.7409488217532634,0.9435833096504211
1353,53.0,2.6,0.7493072465062142,0.9480000138282776
1354,54.0,2.6,0.7482793888449669,0.9470832943916321
1355,55.0,2.6,0.7595847219228744,0.9460833072662354
1356,56.0,2.6,0.7596780087053775,0.9470832943916321
1357,57.0,2.6,0.7472221334278585,0.9455000162124634
1358,58.0,2.6,0.7503487353026866,0.9465000033378601
1359,59.0,2.6,0.7550033767521381,0.9459166526794434
1360,60.0,2.6,0.7694618670642377,0.9444999694824219
1361,61.0,2.6,0.7536017169058323,0.9455833435058594
1362,62.0,2.6,0.7629897415637971,0.9452499747276306
1363,63.0,2.6,0.76951153293252,0.9469999670982361
1364,64.0,2.6,0.7629194410145284,0.9440000057220459
1365,65.0,2.6,0.7656392009556294,0.9450833201408386
1366,66.0,2.6,0.7548853255808352,0.9442499876022339
1367,67.0,2.6,0.7728475041687489,0.9466666579246521
1368,68.0,2.6,0.7743890655040742,0.9433333277702332
1369,69.0,2.6,0.7684677164256573,0.9454166293144226
1370,70.0,2.6,0.7706156173348427,0.9455000162124634
1371,71.0,2.6,0.7774495014548302,0.9449166655540466
1372,72.0,2.6,0.7807094940543176,0.9465000033378601
1373,73.0,2.6,0.7763330109417439,0.9450833201408386
1374,74.0,2.6,0.7912541255354881,0.9437499642372131
1375,75.0,2.6,0.768442502617836,0.9447500109672546
1376,76.0,2.6,0.777330521196127,0.9454166293144226
1377,77.0,2.6,0.7730743181705476,0.9444999694824219
1378,78.0,2.6,0.7892472231388094,0.9464166760444641
1379,79.0,2.6,0.798161213696003,0.9445832967758179
1380,80.0,2.6,0.785690324008465,0.9450833201408386
1381,81.0,2.6,0.7828263324499131,0.9448333382606506
1382,82.0,2.6,0.786584188491106,0.9446666836738586
1383,83.0,2.6,0.7983971439301969,0.9446666836738586
1384,84.0,2.6,0.782111428231001,0.9446666836738586
1385,85.0,2.6,0.7923055300116538,0.9450833201408386
1386,86.0,2.6,0.8018253077566623,0.9451666474342346
1387,87.0,2.6,0.7983064135909081,0.9438333511352539
1388,88.0,2.6,0.782718361914158,0.9448333382606506
1389,89.0,2.6,0.7943966309726238,0.9454166293144226
1390,90.0,2.6,0.7972141781449318,0.9453333020210266
1391,91.0,2.6,0.7887401361763478,0.9436666369438171
1392,92.0,2.6,0.803018880933523,0.9455833435058594
1393,93.0,2.6,0.8060204313695432,0.9453333020210266
1394,94.0,2.6,0.8123660096526146,0.9426666498184204
1395,95.0,2.6,0.7964599177241325,0.9442499876022339
1396,96.0,2.6,0.8074771310389043,0.9440833330154419
1397,97.0,2.6,0.8064609192311764,0.9442499876022339
1398,98.0,2.6,0.8184340050816535,0.9438333511352539
1399,99.0,2.6,0.7936858990788459,0.9440000057220459
1400,0.0,2.8000000000000003,0.8483107167482377,0.10083333402872086
1401,1.0,2.8000000000000003,0.34958912312984464,0.8664166331291199
1402,2.0,2.8000000000000003,0.43289672657847406,0.9041666388511658
1403,3.0,2.8000000000000003,0.4406294175982476,0.9144166707992554
1404,4.0,2.8000000000000003,0.4842140942811966,0.9256666302680969
1405,5.0,2.8000000000000003,0.50685183390975,0.9284999966621399
1406,6.0,2.8000000000000003,0.5215995973348618,0.9326666593551636
1407,7.0,2.8000000000000003,0.5251316571235657,0.934333324432373
1408,8.0,2.8000000000000003,0.541570874750614,0.937666654586792
1409,9.0,2.8000000000000003,0.5612895233929158,0.9394166469573975
1410,10.0,2.8000000000000003,0.5609388396143913,0.9417499899864197
1411,11.0,2.8000000000000003,0.5730537724494935,0.9397500157356262
1412,12.0,2.8000000000000003,0.566648714095354,0.9444166421890259
1413,13.0,2.8000000000000003,0.5738077414035798,0.9440833330154419
1414,14.0,2.8000000000000003,0.5877392968535424,0.9456666707992554
1415,15.0,2.8000000000000003,0.5940505968034268,0.9456666707992554
1416,16.0,2.8000000000000003,0.6059015166759492,0.9440000057220459
1417,17.0,2.8000000000000003,0.6303925539553166,0.9481666684150696
1418,18.0,2.8000000000000003,0.6169175086915493,0.9467499852180481
1419,19.0,2.8000000000000003,0.6183990655839444,0.9487500190734863
1420,20.0,2.8000000000000003,0.6369249989092352,0.9479166269302368
1421,21.0,2.8000000000000003,0.6365059378743172,0.9490000009536743
1422,22.0,2.8000000000000003,0.6467602923512459,0.9476666450500488
1423,23.0,2.8000000000000003,0.6426258267462253,0.9490000009536743
1424,24.0,2.8000000000000003,0.6549993208050728,0.9489166736602783
1425,25.0,2.8000000000000003,0.6579762656986714,0.9470832943916321
1426,26.0,2.8000000000000003,0.6504189658164978,0.9482499957084656
1427,27.0,2.8000000000000003,0.6690859772264957,0.9482499957084656
1428,28.0,2.8000000000000003,0.6663785453140736,0.9507499933242798
1429,29.0,2.8000000000000003,0.6700984771549703,0.9490833282470703
1430,30.0,2.8000000000000003,0.6781882672011853,0.950083315372467
1431,31.0,2.8000000000000003,0.6837278375029564,0.9490000009536743
1432,32.0,2.8000000000000003,0.67870411708951,0.9494999647140503
1433,33.0,2.8000000000000003,0.6810040479898453,0.9506666660308838
1434,34.0,2.8000000000000003,0.676490169018507,0.9488333463668823
1435,35.0,2.8000000000000003,0.6919429476559162,0.9505833387374878
1436,36.0,2.8000000000000003,0.6917909279465676,0.9483333230018616
1437,37.0,2.8000000000000003,0.6951942862570286,0.9490000009536743
1438,38.0,2.8000000000000003,0.6920819605886936,0.9496666789054871
1439,39.0,2.8000000000000003,0.689964611530304,0.9490000009536743
1440,40.0,2.8000000000000003,0.6932092052698136,0.9492499828338623
1441,41.0,2.8000000000000003,0.7015590940415859,0.9488333463668823
1442,42.0,2.8000000000000003,0.7063400439918042,0.9489166736602783
1443,43.0,2.8000000000000003,0.7097458864748478,0.9484999775886536
1444,44.0,2.8000000000000003,0.7065275993943215,0.9481666684150696
1445,45.0,2.8000000000000003,0.7217290715873241,0.9497500061988831
1446,46.0,2.8000000000000003,0.7116122145950794,0.9483333230018616
1447,47.0,2.8000000000000003,0.7116549965739251,0.9495833516120911
1448,48.0,2.8000000000000003,0.6981568844616414,0.9494166374206543
1449,49.0,2.8000000000000003,0.7123103408515453,0.9494166374206543
1450,50.0,2.8000000000000003,0.7114031669497491,0.9481666684150696
1451,51.0,2.8000000000000003,0.7276450102031231,0.9497500061988831
1452,52.0,2.8000000000000003,0.7213518986105919,0.9480000138282776
1453,53.0,2.8000000000000003,0.7344865958392621,0.9469166398048401
1454,54.0,2.8000000000000003,0.7338135048747063,0.9492499828338623
1455,55.0,2.8000000000000003,0.7363443672657014,0.9484999775886536
1456,56.0,2.8000000000000003,0.7332433862984181,0.9495833516120911
1457,57.0,2.8000000000000003,0.7583437618613245,0.9490833282470703
1458,58.0,2.8000000000000003,0.7500868064165116,0.9494166374206543
1459,59.0,2.8000000000000003,0.7385815268754958,0.9473333358764648
1460,60.0,2.8000000000000003,0.745425197482109,0.9482499957084656
1461,61.0,2.8000000000000003,0.7517852938175201,0.9507499933242798
1462,62.0,2.8000000000000003,0.7553412838280201,0.9509166479110718
1463,63.0,2.8000000000000003,0.7570790491998196,0.9481666684150696
1464,64.0,2.8000000000000003,0.7551085503399372,0.9497500061988831
1465,65.0,2.8000000000000003,0.7486400331556797,0.9490833282470703
1466,66.0,2.8000000000000003,0.7482029798626899,0.950166642665863
1467,67.0,2.8000000000000003,0.7443328976631165,0.9492499828338623
1468,68.0,2.8000000000000003,0.7527535246312619,0.9484999775886536
1469,69.0,2.8000000000000003,0.7461852931976318,0.949833333492279
1470,70.0,2.8000000000000003,0.756556736379862,0.9486666321754456
1471,71.0,2.8000000000000003,0.7577433015406132,0.950249969959259
1472,72.0,2.8000000000000003,0.7665076154470444,0.9479166269302368
1473,73.0,2.8000000000000003,0.7702926589548589,0.949999988079071
1474,74.0,2.8000000000000003,0.776644732952118,0.949833333492279
1475,75.0,2.8000000000000003,0.7639830869436264,0.9488333463668823
1476,76.0,2.8000000000000003,0.7808888436853887,0.9471666812896729
1477,77.0,2.8000000000000003,0.773513971567154,0.9475833177566528
1478,78.0,2.8000000000000003,0.7595445939898492,0.9486666321754456
1479,79.0,2.8000000000000003,0.7771166181564332,0.9476666450500488
1480,80.0,2.8000000000000003,0.7862988243997098,0.9482499957084656
1481,81.0,2.8000000000000003,0.7686637908220291,0.949916660785675
1482,82.0,2.8000000000000003,0.7653632907569409,0.9474166631698608
1483,83.0,2.8000000000000003,0.7781563855707645,0.9492499828338623
1484,84.0,2.8000000000000003,0.7929145251214504,0.9476666450500488
1485,85.0,2.8000000000000003,0.7878433714807034,0.9460833072662354
1486,86.0,2.8000000000000003,0.778724139481783,0.9494999647140503
1487,87.0,2.8000000000000003,0.7746930599212647,0.9476666450500488
1488,88.0,2.8000000000000003,0.7846686317026614,0.9465000033378601
1489,89.0,2.8000000000000003,0.7837877176702024,0.9494999647140503
1490,90.0,2.8000000000000003,0.7913689681887626,0.9480833411216736
1491,91.0,2.8000000000000003,0.7985941928625107,0.9478332996368408
1492,92.0,2.8000000000000003,0.7986970460414887,0.9484166502952576
1493,93.0,2.8000000000000003,0.8077268119156361,0.9494166374206543
1494,94.0,2.8000000000000003,0.7993880696594716,0.9485833048820496
1495,95.0,2.8000000000000003,0.8003796218335628,0.9495833516120911
1496,96.0,2.8000000000000003,0.7975812342762947,0.9489166736602783
1497,97.0,2.8000000000000003,0.7978102888166905,0.9489166736602783
1498,98.0,2.8000000000000003,0.8016403073072433,0.9481666684150696
1499,99.0,2.8000000000000003,0.7995426338911057,0.9469999670982361
1500,0.0,3.0,0.8702071112394332,0.08758333325386047
1501,1.0,3.0,0.4049003618955613,0.85958331823349
1502,2.0,3.0,0.4867218224704265,0.9040833115577698
1503,3.0,3.0,0.5116045293211937,0.9204166531562805
1504,4.0,3.0,0.5297686292231083,0.9257500171661377
1505,5.0,3.0,0.5513504008948803,0.9306666851043701
1506,6.0,3.0,0.5460770323872566,0.9350000023841858
1507,7.0,3.0,0.5975116734206678,0.9368333220481873
1508,8.0,3.0,0.605826470553875,0.9388332962989807
1509,9.0,3.0,0.6061932694911958,0.9412499666213989
1510,10.0,3.0,0.622687076330185,0.9409999847412109
1511,11.0,3.0,0.6404050362110137,0.9420832991600037
1512,12.0,3.0,0.6385097548365593,0.9422500133514404
1513,13.0,3.0,0.6420650771260261,0.9440833330154419
1514,14.0,3.0,0.6675823223590851,0.9463333487510681
1515,15.0,3.0,0.6636939200758933,0.9451666474342346
1516,16.0,3.0,0.6786085119843482,0.9456666707992554
1517,17.0,3.0,0.6802276182174682,0.9451666474342346
1518,18.0,3.0,0.6739030134677888,0.9469999670982361
1519,19.0,3.0,0.6838805846869945,0.9459999799728394
1520,20.0,3.0,0.6857178267836572,0.9476666450500488
1521,21.0,3.0,0.6921689893305302,0.9470832943916321
1522,22.0,3.0,0.7123177461326122,0.9485833048820496
1523,23.0,3.0,0.6933179710805416,0.9472500085830688
1524,24.0,3.0,0.7136233732104302,0.9461666345596313
1525,25.0,3.0,0.7321748177707196,0.9478332996368408
1526,26.0,3.0,0.720569434016943,0.9465833306312561
1527,27.0,3.0,0.7250652478635311,0.9474166631698608
1528,28.0,3.0,0.7129777286946775,0.9493333101272583
1529,29.0,3.0,0.719175654500723,0.9489166736602783
1530,30.0,3.0,0.723627541065216,0.9486666321754456
1531,31.0,3.0,0.7463685710728168,0.9474999904632568
1532,32.0,3.0,0.7374331675469874,0.9474166631698608
1533,33.0,3.0,0.7463220553100111,0.949916660785675
1534,34.0,3.0,0.7557277931272984,0.9494166374206543
1535,35.0,3.0,0.739158753156662,0.9495833516120911
1536,36.0,3.0,0.7551510709524155,0.9494166374206543
1537,37.0,3.0,0.7677299255132677,0.9491666555404663
1538,38.0,3.0,0.7652819603681564,0.9488333463668823
1539,39.0,3.0,0.7640512003004553,0.9483333230018616
1540,40.0,3.0,0.7639935591816902,0.9511666297912598
1541,41.0,3.0,0.7848242090642452,0.949916660785675
1542,42.0,3.0,0.7589374698698521,0.9491666555404663
1543,43.0,3.0,0.7710080608725548,0.950333297252655
1544,44.0,3.0,0.7735542197525502,0.9489166736602783
1545,45.0,3.0,0.7909940744936468,0.950166642665863
1546,46.0,3.0,0.7797093755006791,0.9493333101272583
1547,47.0,3.0,0.7884458269178867,0.949999988079071
1548,48.0,3.0,0.8016864736378194,0.949999988079071
1549,49.0,3.0,0.7822181902825831,0.950249969959259
1550,50.0,3.0,0.7866227127611637,0.950166642665863
1551,51.0,3.0,0.7915137700736523,0.9504166841506958
1552,52.0,3.0,0.7936654138565065,0.9504166841506958
1553,53.0,3.0,0.8001790635287762,0.9489166736602783
1554,54.0,3.0,0.7965800373256207,0.949999988079071
1555,55.0,3.0,0.7938576385378838,0.9479166269302368
1556,56.0,3.0,0.8027033111453058,0.9497500061988831
1557,57.0,3.0,0.8007445114850998,0.9514999985694885
1558,58.0,3.0,0.8024236729741098,0.9496666789054871
1559,59.0,3.0,0.803201270699501,0.9494166374206543
1560,60.0,3.0,0.806314200758934,0.9493333101272583
1561,61.0,3.0,0.805089912712574,0.9492499828338623
1562,62.0,3.0,0.8153298059105873,0.950249969959259
1563,63.0,3.0,0.8170120729506015,0.9484999775886536
1564,64.0,3.0,0.8241347187757493,0.9505000114440918
1565,65.0,3.0,0.8126899597048759,0.9494166374206543
1566,66.0,3.0,0.8123668408393859,0.9489166736602783
1567,67.0,3.0,0.8154697048664092,0.9492499828338623
1568,68.0,3.0,0.8078160600364208,0.949999988079071
1569,69.0,3.0,0.8104066206514835,0.9508333206176758
1570,70.0,3.0,0.8300328935682775,0.9521666765213013
1571,71.0,3.0,0.8113897152245044,0.9486666321754456
1572,72.0,3.0,0.8151431347429753,0.9484166502952576
1573,73.0,3.0,0.8137614718079569,0.9497500061988831
1574,74.0,3.0,0.8149108265340329,0.9496666789054871
1575,75.0,3.0,0.8264687222242355,0.9511666297912598
1576,76.0,3.0,0.8229455195367337,0.9483333230018616
1577,77.0,3.0,0.8238429449498653,0.949833333492279
1578,78.0,3.0,0.8336091490089894,0.9497500061988831
1579,79.0,3.0,0.8355151134729384,0.949833333492279
1580,80.0,3.0,0.8253173193335532,0.9496666789054871
1581,81.0,3.0,0.8265997630357743,0.9496666789054871
1582,82.0,3.0,0.8259168696403505,0.949916660785675
1583,83.0,3.0,0.8424625699222089,0.9508333206176758
1584,84.0,3.0,0.8445194959640503,0.9486666321754456
1585,85.0,3.0,0.8435330972075462,0.9488333463668823
1586,86.0,3.0,0.8445054431259633,0.9493333101272583
1587,87.0,3.0,0.839078542292118,0.9490833282470703
1588,88.0,3.0,0.8422503805160524,0.9497500061988831
1589,89.0,3.0,0.8348946020007133,0.9488333463668823
1590,90.0,3.0,0.8387866525352002,0.9491666555404663
1591,91.0,3.0,0.8442392572760582,0.9480833411216736
1592,92.0,3.0,0.8511334323883055,0.9511666297912598
1593,93.0,3.0,0.8303160916268828,0.9506666660308838
1594,94.0,3.0,0.8553396104276182,0.9485833048820496
1595,95.0,3.0,0.8450796286761759,0.9483333230018616
1596,96.0,3.0,0.8567101378738882,0.9488333463668823
1597,97.0,3.0,0.8616065146028996,0.9472500085830688
1598,98.0,3.0,0.8607284325361253,0.9495833516120911
1599,99.0,3.0,0.8493648326396942,0.9485833048820496
1600,0.0,3.2,0.8972202560305595,0.10225000232458115
1601,1.0,3.2,0.43538540408015247,0.8548333048820496
1602,2.0,3.2,0.5138121904432775,0.9107499718666077
1603,3.0,3.2,0.5640377180278302,0.9254999756813049
1604,4.0,3.2,0.5750781710445881,0.9284166693687439
1605,5.0,3.2,0.5922659197449684,0.9311666488647461
1606,6.0,3.2,0.6120611424744129,0.9354999661445618
1607,7.0,3.2,0.6290650668740273,0.9375
1608,8.0,3.2,0.6542748644948005,0.9410833120346069
1609,9.0,3.2,0.6480200225114823,0.9404999613761902
1610,10.0,3.2,0.6585482950508595,0.9451666474342346
1611,11.0,3.2,0.6704903388023378,0.9462499618530273
1612,12.0,3.2,0.657051627933979,0.9465000033378601
1613,13.0,3.2,0.6714449208974838,0.9465833306312561
1614,14.0,3.2,0.6864841777086258,0.9460833072662354
1615,15.0,3.2,0.6888753235340118,0.9467499852180481
1616,16.0,3.2,0.6959383431077003,0.9482499957084656
1617,17.0,3.2,0.6930264896154404,0.9488333463668823
1618,18.0,3.2,0.704713317900896,0.949999988079071
1619,19.0,3.2,0.7291742245852948,0.9491666555404663
1620,20.0,3.2,0.716817937642336,0.9488333463668823
1621,21.0,3.2,0.7208971716463568,0.9490833282470703
1622,22.0,3.2,0.7019524107873439,0.950083315372467
1623,23.0,3.2,0.7281234470009804,0.9507499933242798
1624,24.0,3.2,0.7364810997247696,0.9523333311080933
1625,25.0,3.2,0.7312272962927818,0.9519999623298645
1626,26.0,3.2,0.7621725259721279,0.9497500061988831
1627,27.0,3.2,0.7418002684414386,0.9521666765213013
1628,28.0,3.2,0.7404808732867241,0.9515833258628845
1629,29.0,3.2,0.7458114732801915,0.9515833258628845
1630,30.0,3.2,0.7466111108660699,0.9516666531562805
1631,31.0,3.2,0.7622679771482945,0.9516666531562805
1632,32.0,3.2,0.7401085443794728,0.9521666765213013
1633,33.0,3.2,0.7544351802766323,0.9523333311080933
1634,34.0,3.2,0.7466308036446572,0.9508333206176758
1635,35.0,3.2,0.7500662288069725,0.953083336353302
1636,36.0,3.2,0.7750602497160435,0.9513333439826965
1637,37.0,3.2,0.7716875560581684,0.9541666507720947
1638,38.0,3.2,0.7524187953770162,0.953249990940094
1639,39.0,3.2,0.769624565988779,0.9508333206176758
1640,40.0,3.2,0.7727262483537196,0.9523333311080933
1641,41.0,3.2,0.7762572519481182,0.95291668176651
1642,42.0,3.2,0.7832777115702629,0.9510833024978638
1643,43.0,3.2,0.8000780807435512,0.9521666765213013
1644,44.0,3.2,0.7886486859619618,0.9526666402816772
1645,45.0,3.2,0.7871673718094825,0.9519999623298645
1646,46.0,3.2,0.7955128581821918,0.9545833468437195
1647,47.0,3.2,0.7842751729488373,0.9539166688919067
1648,48.0,3.2,0.7846402955055236,0.9547500014305115
1649,49.0,3.2,0.7795945315063,0.9545000195503235
1650,50.0,3.2,0.7785089939832688,0.9545833468437195
1651,51.0,3.2,0.7898504711687566,0.953583300113678
1652,52.0,3.2,0.798074797540903,0.9539166688919067
1653,53.0,3.2,0.7971218813955785,0.953499972820282
1654,54.0,3.2,0.8063562148809433,0.9528332948684692
1655,55.0,3.2,0.7908851101994514,0.953166663646698
1656,56.0,3.2,0.8000436644256116,0.9548333287239075
1657,57.0,3.2,0.8106579160690307,0.9541666507720947
1658,58.0,3.2,0.8185416121780872,0.9540833234786987
1659,59.0,3.2,0.8078322218358517,0.9541666507720947
1660,60.0,3.2,0.801031981408596,0.9540833234786987
1661,61.0,3.2,0.7988877202570438,0.9543333053588867
1662,62.0,3.2,0.8212436343729497,0.9550833106040955
1663,63.0,3.2,0.8202733056247234,0.9555000066757202
1664,64.0,3.2,0.8153651823103429,0.9537500143051147
1665,65.0,3.2,0.8151099757850172,0.9546666741371155
1666,66.0,3.2,0.8138620266318322,0.9540833234786987
1667,67.0,3.2,0.8195536437630654,0.9543333053588867
1668,68.0,3.2,0.8140185502171517,0.953083336353302
1669,69.0,3.2,0.8235454833507537,0.9547500014305115
1670,70.0,3.2,0.8267985489964487,0.95291668176651
1671,71.0,3.2,0.8080105087161064,0.9555000066757202
1672,72.0,3.2,0.8199173323810103,0.9553333520889282
1673,73.0,3.2,0.8229677617549896,0.9543333053588867
1674,74.0,3.2,0.8284387578070163,0.9547500014305115
1675,75.0,3.2,0.8298068487644195,0.9543333053588867
1676,76.0,3.2,0.8297875779867173,0.9549999833106995
1677,77.0,3.2,0.8248539967834951,0.9545000195503235
1678,78.0,3.2,0.8288009643554688,0.9537500143051147
1679,79.0,3.2,0.8302293674647808,0.9524166584014893
1680,80.0,3.2,0.8338097749650478,0.953666627407074
1681,81.0,3.2,0.8290260674059391,0.95333331823349
1682,82.0,3.2,0.8358494946360588,0.9522500038146973
1683,83.0,3.2,0.8475734882056714,0.9547500014305115
1684,84.0,3.2,0.8244477362930775,0.9526666402816772
1685,85.0,3.2,0.8267353838682177,0.9505833387374878
1686,86.0,3.2,0.8261306941509247,0.953583300113678
1687,87.0,3.2,0.8374192553758621,0.95291668176651
1688,88.0,3.2,0.8409193563461305,0.95291668176651
1689,89.0,3.2,0.8186909653246403,0.9526666402816772
1690,90.0,3.2,0.8413032968342306,0.95291668176651
1691,91.0,3.2,0.8379806955158712,0.9543333053588867
1692,92.0,3.2,0.8321261981129646,0.9537500143051147
1693,93.0,3.2,0.8519152201712131,0.9526666402816772
1694,94.0,3.2,0.831906130462885,0.9527499675750732
1695,95.0,3.2,0.8430972519516946,0.9523333311080933
1696,96.0,3.2,0.8515074045956135,0.9537500143051147
1697,97.0,3.2,0.8301902487874031,0.9519166350364685
1698,98.0,3.2,0.8467177483439444,0.9543333053588867
1699,99.0,3.2,0.8498990684747696,0.9540833234786987
1700,0.0,3.4000000000000004,0.9153912410140037,0.09866666793823242
1701,1.0,3.4000000000000004,0.4062500122189522,0.8640833497047424
1702,2.0,3.4000000000000004,0.5071429599821567,0.9057499766349792
1703,3.0,3.4000000000000004,0.5425087535381317,0.9174166321754456
1704,4.0,3.4000000000000004,0.5791700667142868,0.9255833029747009
1705,5.0,3.4000000000000004,0.5948590540885925,0.9295833110809326
1706,6.0,3.4000000000000004,0.6141510021686554,0.9332500100135803
1707,7.0,3.4000000000000004,0.6285406804084779,0.934499979019165
1708,8.0,3.4000000000000004,0.6550339058041573,0.9370833039283752
1709,9.0,3.4000000000000004,0.6553259803354741,0.9369999766349792
1710,10.0,3.4000000000000004,0.6617560955882074,0.9385833144187927
1711,11.0,3.4000000000000004,0.6578755885362626,0.940750002861023
1712,12.0,3.4000000000000004,0.6866653126478195,0.9390833377838135
1713,13.0,3.4000000000000004,0.6905490769445896,0.9399999976158142
1714,14.0,3.4000000000000004,0.6786376881599427,0.9435833096504211
1715,15.0,3.4000000000000004,0.7156847113370896,0.9438333511352539
1716,16.0,3.4000000000000004,0.6882596111297608,0.9452499747276306
1717,17.0,3.4000000000000004,0.711443096846342,0.9452499747276306
1718,18.0,3.4000000000000004,0.7177961273491383,0.9448333382606506
1719,19.0,3.4000000000000004,0.7176802027225495,0.9446666836738586
1720,20.0,3.4000000000000004,0.7229194940626622,0.9455833435058594
1721,21.0,3.4000000000000004,0.7322696290910244,0.9467499852180481
1722,22.0,3.4000000000000004,0.7172768250107766,0.9465000033378601
1723,23.0,3.4000000000000004,0.7334538732469083,0.9477499723434448
1724,24.0,3.4000000000000004,0.7246531428396702,0.9472500085830688
1725,25.0,3.4000000000000004,0.7393510267138481,0.9469999670982361
1726,26.0,3.4000000000000004,0.7563816398382188,0.9463333487510681
1727,27.0,3.4000000000000004,0.7342721535265446,0.9482499957084656
1728,28.0,3.4000000000000004,0.7560432539880276,0.9480000138282776
1729,29.0,3.4000000000000004,0.7508599142730237,0.9466666579246521
1730,30.0,3.4000000000000004,0.7465581889450551,0.9481666684150696
1731,31.0,3.4000000000000004,0.7625276897847654,0.9474166631698608
1732,32.0,3.4000000000000004,0.7444791661202907,0.9459999799728394
1733,33.0,3.4000000000000004,0.763212315440178,0.9482499957084656
1734,34.0,3.4000000000000004,0.7754232993721962,0.9488333463668823
1735,35.0,3.4000000000000004,0.7632079608738424,0.9472500085830688
1736,36.0,3.4000000000000004,0.7748862266540527,0.9487500190734863
1737,37.0,3.4000000000000004,0.780964353978634,0.9481666684150696
1738,38.0,3.4000000000000004,0.7935637341439723,0.9451666474342346
1739,39.0,3.4000000000000004,0.7822644367814064,0.9477499723434448
1740,40.0,3.4000000000000004,0.7864509174227715,0.9482499957084656
1741,41.0,3.4000000000000004,0.7860377162694931,0.9482499957084656
1742,42.0,3.4000000000000004,0.7901085841655732,0.9473333358764648
1743,43.0,3.4000000000000004,0.792124843299389,0.9474999904632568
1744,44.0,3.4000000000000004,0.7924230548739434,0.9479166269302368
1745,45.0,3.4000000000000004,0.8054821296036243,0.9490000009536743
1746,46.0,3.4000000000000004,0.788291835486889,0.9490000009536743
1747,47.0,3.4000000000000004,0.7887331657111645,0.9482499957084656
1748,48.0,3.4000000000000004,0.7899183452129365,0.949999988079071
1749,49.0,3.4000000000000004,0.7925990656018257,0.9486666321754456
1750,50.0,3.4000000000000004,0.8033005304634571,0.9487500190734863
1751,51.0,3.4000000000000004,0.8077456878125666,0.9490833282470703
1752,52.0,3.4000000000000004,0.8050375148653984,0.9475833177566528
1753,53.0,3.4000000000000004,0.7841065259277822,0.949916660785675
1754,54.0,3.4000000000000004,0.7993126815557481,0.9490000009536743
1755,55.0,3.4000000000000004,0.8044153515994548,0.9472500085830688
1756,56.0,3.4000000000000004,0.7928856952488423,0.9487500190734863
1757,57.0,3.4000000000000004,0.8168776795268059,0.9466666579246521
1758,58.0,3.4000000000000004,0.815497529655695,0.9490833282470703
1759,59.0,3.4000000000000004,0.8096522788703442,0.9478332996368408
1760,60.0,3.4000000000000004,0.8154199534654618,0.9476666450500488
1761,61.0,3.4000000000000004,0.8116890506446361,0.9490833282470703
1762,62.0,3.4000000000000004,0.8136912557482721,0.950083315372467
1763,63.0,3.4000000000000004,0.8133043333888054,0.9490833282470703
1764,64.0,3.4000000000000004,0.8316335107386112,0.9485833048820496
1765,65.0,3.4000000000000004,0.8239857941865921,0.9479166269302368
1766,66.0,3.4000000000000004,0.8181499879062176,0.9480833411216736
1767,67.0,3.4000000000000004,0.8247397454082966,0.9476666450500488
1768,68.0,3.4000000000000004,0.8274651052057743,0.9482499957084656
1769,69.0,3.4000000000000004,0.8324414426088331,0.9482499957084656
1770,70.0,3.4000000000000004,0.835933064967394,0.9479166269302368
1771,71.0,3.4000000000000004,0.8258744390308858,0.9495833516120911
1772,72.0,3.4000000000000004,0.8302595852315428,0.9471666812896729
1773,73.0,3.4000000000000004,0.831680427789688,0.9465833306312561
1774,74.0,3.4000000000000004,0.8229299978911877,0.9482499957084656
1775,75.0,3.4000000000000004,0.8361369296908379,0.9484166502952576
1776,76.0,3.4000000000000004,0.8385979861021042,0.9477499723434448
1777,77.0,3.4000000000000004,0.8439408569037914,0.9459999799728394
1778,78.0,3.4000000000000004,0.8310208913683892,0.9469166398048401
1779,79.0,3.4000000000000004,0.8379815788567067,0.9484999775886536
1780,80.0,3.4000000000000004,0.8461621251702309,0.9472500085830688
1781,81.0,3.4000000000000004,0.8534444305300714,0.9477499723434448
1782,82.0,3.4000000000000004,0.8503495807945729,0.9474999904632568
1783,83.0,3.4000000000000004,0.8456036692857744,0.9486666321754456
1784,84.0,3.4000000000000004,0.8475553286075593,0.9459999799728394
1785,85.0,3.4000000000000004,0.8464310561120512,0.9487500190734863
1786,86.0,3.4000000000000004,0.8536062762141228,0.9476666450500488
1787,87.0,3.4000000000000004,0.8572152614593506,0.9473333358764648
1788,88.0,3.4000000000000004,0.8526239836215972,0.9470832943916321
1789,89.0,3.4000000000000004,0.8700190706551076,0.9474999904632568
1790,90.0,3.4000000000000004,0.8537123617529868,0.9470832943916321
1791,91.0,3.4000000000000004,0.8632186998426915,0.9488333463668823
1792,92.0,3.4000000000000004,0.854647826999426,0.9480000138282776
1793,93.0,3.4000000000000004,0.8622263638675214,0.9484166502952576
1794,94.0,3.4000000000000004,0.8522398510575295,0.9465000033378601
1795,95.0,3.4000000000000004,0.8612070918083192,0.9480833411216736
1796,96.0,3.4000000000000004,0.8584233851730823,0.9469999670982361
1797,97.0,3.4000000000000004,0.8711600404977797,0.9484166502952576
1798,98.0,3.4000000000000004,0.8580643418431283,0.9451666474342346
1799,99.0,3.4000000000000004,0.8659386698901652,0.9478332996368408
1800,0.0,3.6,0.9283024762570857,0.09541666507720947
1801,1.0,3.6,0.4158189676702023,0.8532499670982361
1802,2.0,3.6,0.47546029880642904,0.9041666388511658
1803,3.0,3.6,0.5401288902759552,0.9172499775886536
1804,4.0,3.6,0.5547906711697579,0.9244166612625122
1805,5.0,3.6,0.5833919152617455,0.9313333034515381
1806,6.0,3.6,0.6060988986492157,0.9354166388511658
1807,7.0,3.6,0.6155022113025187,0.9371666312217712
1808,8.0,3.6,0.6429504856467247,0.9400833249092102
1809,9.0,3.6,0.6526348827779294,0.9419999718666077
1810,10.0,3.6,0.6582765565812588,0.9412499666213989
1811,11.0,3.6,0.6570247469842434,0.9438333511352539
1812,12.0,3.6,0.6777710159122943,0.9450833201408386
1813,13.0,3.6,0.6672597658634186,0.9449166655540466
1814,14.0,3.6,0.6897999067604542,0.9481666684150696
1815,15.0,3.6,0.7092171721160412,0.9467499852180481
1816,16.0,3.6,0.7000119060277938,0.9470832943916321
1817,17.0,3.6,0.7273722089827062,0.9474166631698608
1818,18.0,3.6,0.7320417414605618,0.9505833387374878
1819,19.0,3.6,0.7190225122869014,0.9497500061988831
1820,20.0,3.6,0.734403804987669,0.949999988079071
1821,21.0,3.6,0.7278530658781529,0.9490000009536743
1822,22.0,3.6,0.7397009229660034,0.950249969959259
1823,23.0,3.6,0.7552441096305847,0.9487500190734863
1824,24.0,3.6,0.7394305917620659,0.9486666321754456
1825,25.0,3.6,0.7589096699655056,0.9506666660308838
1826,26.0,3.6,0.769007773399353,0.949916660785675
1827,27.0,3.6,0.7499714368581771,0.9491666555404663
1828,28.0,3.6,0.7645956984162331,0.9509166479110718
1829,29.0,3.6,0.7688269318640233,0.9508333206176758
1830,30.0,3.6,0.7653449600934984,0.9514166712760925
1831,31.0,3.6,0.7749719634652138,0.9508333206176758
1832,32.0,3.6,0.7711048591136933,0.9525833129882812
1833,33.0,3.6,0.7849337323009967,0.9526666402816772
1834,34.0,3.6,0.7901135776937007,0.9528332948684692
1835,35.0,3.6,0.7742235064506532,0.9524166584014893
1836,36.0,3.6,0.7797618055343627,0.9515833258628845
1837,37.0,3.6,0.7942537461221217,0.9508333206176758
1838,38.0,3.6,0.7926790778338909,0.9506666660308838
1839,39.0,3.6,0.7906136696040631,0.950166642665863
1840,40.0,3.6,0.7961043812334537,0.9513333439826965
1841,41.0,3.6,0.7929437626898289,0.9523333311080933
1842,42.0,3.6,0.7941021215915679,0.9512500166893005
1843,43.0,3.6,0.7958267851173878,0.9512500166893005
1844,44.0,3.6,0.7905136455595494,0.9505000114440918
1845,45.0,3.6,0.8028365218639374,0.9514999985694885
1846,46.0,3.6,0.8075353509187698,0.9506666660308838
1847,47.0,3.6,0.8087443044781685,0.9518333077430725
1848,48.0,3.6,0.7969713567197323,0.9519999623298645
1849,49.0,3.6,0.8077841210365296,0.9524166584014893
1850,50.0,3.6,0.8003538420796394,0.9506666660308838
1851,51.0,3.6,0.808117294460535,0.9504166841506958
1852,52.0,3.6,0.8221717330813408,0.9516666531562805
1853,53.0,3.6,0.8308975856006147,0.9513333439826965
1854,54.0,3.6,0.8105433467030524,0.9518333077430725
1855,55.0,3.6,0.8332647289335728,0.9505833387374878
1856,56.0,3.6,0.812788137793541,0.9511666297912598
1857,57.0,3.6,0.819638895392418,0.9515833258628845
1858,58.0,3.6,0.8390910996496677,0.9515833258628845
1859,59.0,3.6,0.8270585741102696,0.9507499933242798
1860,60.0,3.6,0.8200977158546447,0.9514166712760925
1861,61.0,3.6,0.8324747428297995,0.9508333206176758
1862,62.0,3.6,0.8179484026134013,0.9514999985694885
1863,63.0,3.6,0.8346465355157852,0.9509999752044678
1864,64.0,3.6,0.8352632196247578,0.9514166712760925
1865,65.0,3.6,0.8274299208819865,0.9510833024978638
1866,66.0,3.6,0.8378762018680572,0.9522500038146973
1867,67.0,3.6,0.8453098969161511,0.949833333492279
1868,68.0,3.6,0.8447868616878986,0.9513333439826965
1869,69.0,3.6,0.8407255983352663,0.9519999623298645
1870,70.0,3.6,0.8380147847533225,0.9517499804496765
1871,71.0,3.6,0.8516643372178077,0.9524166584014893
1872,72.0,3.6,0.848259021639824,0.9510833024978638
1873,73.0,3.6,0.852122024744749,0.9508333206176758
1874,74.0,3.6,0.8469697044789791,0.9523333311080933
1875,75.0,3.6,0.8484557114541531,0.9505833387374878
1876,76.0,3.6,0.842624833136797,0.949999988079071
1877,77.0,3.6,0.852173562645912,0.9513333439826965
1878,78.0,3.6,0.8585556203126907,0.9517499804496765
1879,79.0,3.6,0.8430790057778358,0.9519999623298645
1880,80.0,3.6,0.846735302656889,0.9504166841506958
1881,81.0,3.6,0.8494496411085128,0.950249969959259
1882,82.0,3.6,0.844688226878643,0.9508333206176758
1883,83.0,3.6,0.8634399290382863,0.9522500038146973
1884,84.0,3.6,0.8619186605513096,0.9505000114440918
1885,85.0,3.6,0.8535125645995139,0.9519999623298645
1886,86.0,3.6,0.8600090289115906,0.9497500061988831
1887,87.0,3.6,0.8549209515750409,0.9518333077430725
1888,88.0,3.6,0.8557060499489308,0.9516666531562805
1889,89.0,3.6,0.8707371443510054,0.9512500166893005
1890,90.0,3.6,0.8508141732215883,0.9496666789054871
1891,91.0,3.6,0.8658959297835827,0.950083315372467
1892,92.0,3.6,0.8736934688687326,0.9523333311080933
1893,93.0,3.6,0.8740677936375143,0.9521666765213013
1894,94.0,3.6,0.8797130894660949,0.9494999647140503
1895,95.0,3.6,0.8793232576549054,0.950083315372467
1896,96.0,3.6,0.869068751335144,0.9511666297912598
1897,97.0,3.6,0.8602244141697882,0.9514166712760925
1898,98.0,3.6,0.8638508866727352,0.9495833516120911
1899,99.0,3.6,0.8688227024674415,0.9507499933242798
1900,0.0,3.8000000000000003,0.9401078309118747,0.10083333402872086
1901,1.0,3.8000000000000003,0.4161052618920803,0.840499997138977
1902,2.0,3.8000000000000003,0.5010030706226827,0.8967499732971191
1903,3.0,3.8000000000000003,0.5629181648790836,0.9129166603088379
1904,4.0,3.8000000000000003,0.5707557247579098,0.9193333387374878
1905,5.0,3.8000000000000003,0.6171114245057107,0.9233333468437195
1906,6.0,3.8000000000000003,0.624646534472704,0.9292500019073486
1907,7.0,3.8000000000000003,0.659626265913248,0.9313333034515381
1908,8.0,3.8000000000000003,0.6376930651068687,0.9340000152587891
1909,9.0,3.8000000000000003,0.6652766804397106,0.9381666779518127
1910,10.0,3.8000000000000003,0.6771298171579838,0.9382500052452087
1911,11.0,3.8000000000000003,0.7046944387257099,0.9386666417121887
1912,12.0,3.8000000000000003,0.7080250322818757,0.9384166598320007
1913,13.0,3.8000000000000003,0.7165694600343704,0.9396666288375854
1914,14.0,3.8000000000000003,0.7119510290026665,0.9394999742507935
1915,15.0,3.8000000000000003,0.717115600258112,0.9413332939147949
1916,16.0,3.8000000000000003,0.7425349062681199,0.9427499771118164
1917,17.0,3.8000000000000003,0.7430973057448865,0.9424999952316284
1918,18.0,3.8000000000000003,0.7364590354263783,0.9431666731834412
1919,19.0,3.8000000000000003,0.74641707777977,0.9443333148956299
1920,20.0,3.8000000000000003,0.738300618827343,0.9462499618530273
1921,21.0,3.8000000000000003,0.7519858230650425,0.9433333277702332
1922,22.0,3.8000000000000003,0.7486987112462521,0.9449166655540466
1923,23.0,3.8000000000000003,0.758005659133196,0.9454166293144226
1924,24.0,3.8000000000000003,0.7624461951851845,0.9453333020210266
1925,25.0,3.8000000000000003,0.7769467662274837,0.9469166398048401
1926,26.0,3.8000000000000003,0.7872549962997435,0.9458333253860474
1927,27.0,3.8000000000000003,0.7817680205404758,0.9459999799728394
1928,28.0,3.8000000000000003,0.7773771373927594,0.9473333358764648
1929,29.0,3.8000000000000003,0.7908447125554086,0.9461666345596313
1930,30.0,3.8000000000000003,0.7976029112935067,0.9464166760444641
1931,31.0,3.8000000000000003,0.811620756536722,0.9467499852180481
1932,32.0,3.8000000000000003,0.7881090244650842,0.9460833072662354
1933,33.0,3.8000000000000003,0.7950330099463463,0.9484166502952576
1934,34.0,3.8000000000000003,0.7933855879306793,0.9477499723434448
1935,35.0,3.8000000000000003,0.7991517493128775,0.9478332996368408
1936,36.0,3.8000000000000003,0.8156063269078733,0.9481666684150696
1937,37.0,3.8000000000000003,0.8189756645262243,0.9462499618530273
1938,38.0,3.8000000000000003,0.8173029626905919,0.9477499723434448
1939,39.0,3.8000000000000003,0.8064558047056198,0.9470832943916321
1940,40.0,3.8000000000000003,0.8175448444485663,0.9484999775886536
1941,41.0,3.8000000000000003,0.821575486958027,0.9467499852180481
1942,42.0,3.8000000000000003,0.8197088724374773,0.9476666450500488
1943,43.0,3.8000000000000003,0.8236080445349216,0.9479166269302368
1944,44.0,3.8000000000000003,0.8281592746078967,0.9475833177566528
1945,45.0,3.8000000000000003,0.818453376442194,0.9474999904632568
1946,46.0,3.8000000000000003,0.8270358115434646,0.9479166269302368
1947,47.0,3.8000000000000003,0.8245325715839863,0.9491666555404663
1948,48.0,3.8000000000000003,0.8321149252355099,0.949999988079071
1949,49.0,3.8000000000000003,0.8271844437718391,0.9457499980926514
1950,50.0,3.8000000000000003,0.8350981375575065,0.9462499618530273
1951,51.0,3.8000000000000003,0.8296574823558333,0.9467499852180481
1952,52.0,3.8000000000000003,0.8381083257496357,0.9461666345596313
1953,53.0,3.8000000000000003,0.8427946557104586,0.9466666579246521
1954,54.0,3.8000000000000003,0.8386752565205097,0.949916660785675
1955,55.0,3.8000000000000003,0.85183056011796,0.9468333125114441
1956,56.0,3.8000000000000003,0.8438611824810505,0.9470832943916321
1957,57.0,3.8000000000000003,0.8468215912580492,0.949833333492279
1958,58.0,3.8000000000000003,0.8497158469259739,0.9472500085830688
1959,59.0,3.8000000000000003,0.854216249138117,0.9474999904632568
1960,60.0,3.8000000000000003,0.8555457435548306,0.9480000138282776
1961,61.0,3.8000000000000003,0.8634741631150245,0.9477499723434448
1962,62.0,3.8000000000000003,0.8629151973128317,0.9488333463668823
1963,63.0,3.8000000000000003,0.8639457072317601,0.9478332996368408
1964,64.0,3.8000000000000003,0.8627358573675157,0.9465833306312561
1965,65.0,3.8000000000000003,0.8655264477431774,0.9482499957084656
1966,66.0,3.8000000000000003,0.8597036451101303,0.9485833048820496
1967,67.0,3.8000000000000003,0.8657793639600276,0.9474999904632568
1968,68.0,3.8000000000000003,0.8647337192296982,0.9487500190734863
1969,69.0,3.8000000000000003,0.866108501702547,0.9477499723434448
1970,70.0,3.8000000000000003,0.8665098975598811,0.9469166398048401
1971,71.0,3.8000000000000003,0.8675591272115707,0.9452499747276306
1972,72.0,3.8000000000000003,0.8653894011676311,0.9481666684150696
1973,73.0,3.8000000000000003,0.8636978846788406,0.9465000033378601
1974,74.0,3.8000000000000003,0.8529675306379796,0.9494166374206543
1975,75.0,3.8000000000000003,0.864361888319254,0.9478332996368408
1976,76.0,3.8000000000000003,0.8771776804327965,0.9480833411216736
1977,77.0,3.8000000000000003,0.8722359478473661,0.9489166736602783
1978,78.0,3.8000000000000003,0.8792901180684565,0.9478332996368408
1979,79.0,3.8000000000000003,0.8667743651568888,0.9484166502952576
1980,80.0,3.8000000000000003,0.8733801732957364,0.9457499980926514
1981,81.0,3.8000000000000003,0.8705700869858266,0.9475833177566528
1982,82.0,3.8000000000000003,0.8741928808391093,0.9490000009536743
1983,83.0,3.8000000000000003,0.8868641267716884,0.9472500085830688
1984,84.0,3.8000000000000003,0.8876363801956177,0.9472500085830688
1985,85.0,3.8000000000000003,0.8787923450767995,0.9473333358764648
1986,86.0,3.8000000000000003,0.8802322159707547,0.9491666555404663
1987,87.0,3.8000000000000003,0.8799585182964803,0.9475833177566528
1988,88.0,3.8000000000000003,0.8676406955718996,0.9482499957084656
1989,89.0,3.8000000000000003,0.8741362366080283,0.9469999670982361
1990,90.0,3.8000000000000003,0.885599530339241,0.9485833048820496
1991,91.0,3.8000000000000003,0.8757515722513199,0.9450833201408386
1992,92.0,3.8000000000000003,0.8815086148679256,0.9469166398048401
1993,93.0,3.8000000000000003,0.8804678399860858,0.9465000033378601
1994,94.0,3.8000000000000003,0.8897027565538883,0.9475833177566528
1995,95.0,3.8000000000000003,0.8904431360960006,0.9455000162124634
1996,96.0,3.8000000000000003,0.887616019099951,0.9494166374206543
1997,97.0,3.8000000000000003,0.8837439028918743,0.9468333125114441
1998,98.0,3.8000000000000003,0.8940991935133935,0.9477499723434448
1999,99.0,3.8000000000000003,0.89434453651309,0.9465000033378601
2000,0.0,4.0,0.9528021888434888,0.10225000232458115
2001,1.0,4.0,0.4531862719357013,0.7663333415985107
2002,2.0,4.0,0.529996994137764,0.8861666321754456
2003,3.0,4.0,0.5839979143440724,0.9056666493415833
2004,4.0,4.0,0.6292905063927174,0.9163333177566528
2005,5.0,4.0,0.6442822335660457,0.921750009059906
2006,6.0,4.0,0.6540685130655765,0.925000011920929
2007,7.0,4.0,0.6598143494129182,0.9301666617393494
2008,8.0,4.0,0.6845783558487892,0.9334999918937683
2009,9.0,4.0,0.6934137491881849,0.9323333501815796
2010,10.0,4.0,0.7146982581913471,0.9357500076293945
2011,11.0,4.0,0.6937731572985649,0.937250018119812
2012,12.0,4.0,0.7171937632560731,0.9393333196640015
2013,13.0,4.0,0.727315554767847,0.9390000104904175
2014,14.0,4.0,0.7168867693841456,0.9410833120346069
2015,15.0,4.0,0.7320923042297364,0.9409999847412109
2016,16.0,4.0,0.7349293628335,0.9418333172798157
2017,17.0,4.0,0.7491361020505428,0.9422500133514404
2018,18.0,4.0,0.7556421747803688,0.9427499771118164
2019,19.0,4.0,0.7527732594311237,0.9434999823570251
2020,20.0,4.0,0.7635603938996792,0.9444166421890259
2021,21.0,4.0,0.7818991136550903,0.9444166421890259
2022,22.0,4.0,0.7739094376564026,0.9442499876022339
2023,23.0,4.0,0.7789729005098344,0.9436666369438171
2024,24.0,4.0,0.7807829768955707,0.9450833201408386
2025,25.0,4.0,0.7900312919914722,0.9430833458900452
2026,26.0,4.0,0.7828674645721911,0.9444166421890259
2027,27.0,4.0,0.7893877053260805,0.9435833096504211
2028,28.0,4.0,0.7878511494398117,0.9446666836738586
2029,29.0,4.0,0.8051539286971092,0.9446666836738586
2030,30.0,4.0,0.7949119286239148,0.9444166421890259
2031,31.0,4.0,0.7914989505708218,0.9444166421890259
2032,32.0,4.0,0.7949849484860897,0.9448333382606506
2033,33.0,4.0,0.8061440734565257,0.9465833306312561
2034,34.0,4.0,0.8007907851040363,0.9465833306312561
2035,35.0,4.0,0.8085496324300767,0.9449999928474426
2036,36.0,4.0,0.8151360386610031,0.9461666345596313
2037,37.0,4.0,0.790551477521658,0.9465000033378601
2038,38.0,4.0,0.8062214119732379,0.9455000162124634
2039,39.0,4.0,0.8174841547012329,0.9459999799728394
2040,40.0,4.0,0.8150449246168134,0.9445832967758179
2041,41.0,4.0,0.8119985334575176,0.9463333487510681
2042,42.0,4.0,0.8276820206642151,0.9445832967758179
2043,43.0,4.0,0.8181200870871544,0.9452499747276306
2044,44.0,4.0,0.8162404598295689,0.9455000162124634
2045,45.0,4.0,0.8268838983774185,0.9469166398048401
2046,46.0,4.0,0.8314708964526651,0.9456666707992554
2047,47.0,4.0,0.8286608919501305,0.9455833435058594
2048,48.0,4.0,0.8278076353669167,0.9470832943916321
2049,49.0,4.0,0.8278054755926132,0.9451666474342346
2050,50.0,4.0,0.8387151449918747,0.9455000162124634
2051,51.0,4.0,0.8182263118028642,0.9463333487510681
2052,52.0,4.0,0.8364570444822311,0.9460833072662354
2053,53.0,4.0,0.8350915755331517,0.9472500085830688
2054,54.0,4.0,0.8424146941304208,0.9459999799728394
2055,55.0,4.0,0.8508781956136227,0.9469999670982361
2056,56.0,4.0,0.8444053640961646,0.9466666579246521
2057,57.0,4.0,0.8387203547358514,0.9465833306312561
2058,58.0,4.0,0.841888242661953,0.9470832943916321
2059,59.0,4.0,0.8544393624365331,0.9462499618530273
2060,60.0,4.0,0.8526402202248573,0.9464166760444641
2061,61.0,4.0,0.8502622568607331,0.9465833306312561
2062,62.0,4.0,0.8505308254063129,0.9457499980926514
2063,63.0,4.0,0.8483532582223414,0.9474999904632568
2064,64.0,4.0,0.853387468457222,0.9454166293144226
2065,65.0,4.0,0.8530568358302115,0.9463333487510681
2066,66.0,4.0,0.857935557216406,0.9472500085830688
2067,67.0,4.0,0.8538860571384431,0.9463333487510681
2068,68.0,4.0,0.8601329122483732,0.9474999904632568
2069,69.0,4.0,0.8605042052268983,0.9474999904632568
2070,70.0,4.0,0.8674698910117149,0.9480833411216736
2071,71.0,4.0,0.8625499595701696,0.9465000033378601
2072,72.0,4.0,0.8559390731155874,0.9472500085830688
2073,73.0,4.0,0.8589615181088449,0.9481666684150696
2074,74.0,4.0,0.8592301657795905,0.9462499618530273
2075,75.0,4.0,0.8579465445876121,0.9457499980926514
2076,76.0,4.0,0.8739435461163522,0.9469999670982361
2077,77.0,4.0,0.8579937960207463,0.9459166526794434
2078,78.0,4.0,0.8689589658379557,0.9471666812896729
2079,79.0,4.0,0.8549088032543658,0.9470832943916321
2080,80.0,4.0,0.8697064864635466,0.9455000162124634
2081,81.0,4.0,0.8763778738677501,0.9467499852180481
2082,82.0,4.0,0.870627451390028,0.9464166760444641
2083,83.0,4.0,0.879317622035742,0.9464166760444641
2084,84.0,4.0,0.8769158294796944,0.9469166398048401
2085,85.0,4.0,0.8776836080849171,0.9483333230018616
2086,86.0,4.0,0.8830676549673079,0.9474999904632568
2087,87.0,4.0,0.8821932883560656,0.9479166269302368
2088,88.0,4.0,0.8755929209291937,0.9467499852180481
2089,89.0,4.0,0.8684738923609258,0.9474999904632568
2090,90.0,4.0,0.8703987145423892,0.9464166760444641
2091,91.0,4.0,0.8715987151861191,0.9468333125114441
2092,92.0,4.0,0.8811676090955733,0.9475833177566528
2093,93.0,4.0,0.8742002795636654,0.9474999904632568
2094,94.0,4.0,0.8847732000052929,0.9449999928474426
2095,95.0,4.0,0.8731268137693405,0.9475833177566528
2096,96.0,4.0,0.8646875199675559,0.9472500085830688
2097,97.0,4.0,0.8838082905113696,0.9471666812896729
2098,98.0,4.0,0.8906429141759873,0.9456666707992554
2099,99.0,4.0,0.891128237992525,0.9460833072662354
